-- phpMyAdmin SQL Dump
-- version 5.2.0
-- https://www.phpmyadmin.net/
--
-- Host: 127.0.0.1
-- Generation Time: Jan 03, 2023 at 10:54 AM
-- Server version: 10.4.24-MariaDB
-- PHP Version: 8.1.6

SET SQL_MODE = "NO_AUTO_VALUE_ON_ZERO";
START TRANSACTION;
SET time_zone = "+00:00";


/*!40101 SET @OLD_CHARACTER_SET_CLIENT=@@CHARACTER_SET_CLIENT */;
/*!40101 SET @OLD_CHARACTER_SET_RESULTS=@@CHARACTER_SET_RESULTS */;
/*!40101 SET @OLD_COLLATION_CONNECTION=@@COLLATION_CONNECTION */;
/*!40101 SET NAMES utf8mb4 */;

--
-- Database: `eastwest_warehouse`
--

-- --------------------------------------------------------

--
-- Table structure for table `active`
--

CREATE TABLE `active` (
  `id` int(11) NOT NULL,
  `Date` datetime DEFAULT NULL,
  `Type` varchar(255) DEFAULT NULL,
  `Worker_id` int(11) DEFAULT NULL,
  `created_at` datetime DEFAULT NULL,
  `updated_at` datetime DEFAULT NULL,
  `Active` varchar(255) DEFAULT NULL,
  `SKU` varchar(255) DEFAULT NULL,
  `Quantity` int(11) DEFAULT NULL,
  `location` varchar(255) DEFAULT NULL,
  `from_location` varchar(255) DEFAULT NULL,
  `to_location` varchar(255) DEFAULT NULL,
  `admin_id` int(11) DEFAULT NULL,
  `counted_Qty` int(11) DEFAULT NULL,
  `work_list_detail_id` int(11) DEFAULT NULL,
  `work_list_id` int(11) DEFAULT NULL
) ENGINE=InnoDB DEFAULT CHARSET=utf8mb4;

--
-- Dumping data for table `active`
--

INSERT INTO `active` (`id`, `Date`, `Type`, `Worker_id`, `created_at`, `updated_at`, `Active`, `SKU`, `Quantity`, `location`, `from_location`, `to_location`, `admin_id`, `counted_Qty`, `work_list_detail_id`, `work_list_id`) VALUES
(1244, '2022-12-29 10:12:41', 'Receiving', NULL, '2022-12-29 10:12:41', '2022-12-29 10:12:41', 'import receiving', 'AVC-SBR-C', 41, NULL, NULL, NULL, 1, NULL, NULL, NULL),
(1245, '2022-12-29 10:12:41', 'Receiving', NULL, '2022-12-29 10:12:41', '2022-12-29 10:12:41', 'import receiving', 'AVC-SBR-LC', 23, NULL, NULL, NULL, 1, NULL, NULL, NULL),
(1246, '2022-12-29 10:12:41', 'Receiving', NULL, '2022-12-29 10:12:41', '2022-12-29 10:12:41', 'import receiving', 'AVT-OAK-P', 255, NULL, NULL, NULL, 1, NULL, NULL, NULL),
(1247, '2022-12-29 10:12:41', 'Receiving', NULL, '2022-12-29 10:12:41', '2022-12-29 10:12:41', 'import receiving', 'AVT-SBR-P', 212, NULL, NULL, NULL, 1, NULL, NULL, NULL),
(1248, '2022-12-29 10:12:41', 'Receiving', NULL, '2022-12-29 10:12:41', '2022-12-29 10:12:41', 'import receiving', 'BKLC102A', 22, NULL, NULL, NULL, 1, NULL, NULL, NULL),
(1249, '2022-12-29 10:12:41', 'Receiving', NULL, '2022-12-29 10:12:41', '2022-12-29 10:12:41', 'import receiving', 'BKLC103A', 22, NULL, NULL, NULL, 1, NULL, NULL, NULL),
(1250, '2022-12-29 10:12:41', 'Receiving', NULL, '2022-12-29 10:12:41', '2022-12-29 10:12:41', 'import receiving', 'BOC-CAP-C', 33, NULL, NULL, NULL, 1, NULL, NULL, NULL),
(1251, '2022-12-29 10:12:41', 'Receiving', NULL, '2022-12-29 10:12:41', '2022-12-29 10:12:41', 'import receiving', 'BOC-CAP-LC', 22, NULL, NULL, NULL, 1, NULL, NULL, NULL),
(1252, '2022-12-29 10:12:41', 'Receiving', NULL, '2022-12-29 10:12:41', '2022-12-29 10:12:41', 'import receiving', 'BRP3T18', 55, NULL, NULL, NULL, 1, NULL, NULL, NULL),
(1253, '2022-12-29 10:12:41', 'Receiving', NULL, '2022-12-29 10:12:41', '2022-12-29 10:12:41', 'import receiving', 'BUTLBLK', 11, NULL, NULL, NULL, 1, NULL, NULL, NULL),
(1254, '2022-12-29 10:12:45', 'Receiving', NULL, '2022-12-29 10:12:45', '2022-12-29 10:12:45', 'import receiving', '002-07-P', 22, NULL, NULL, NULL, 1, NULL, NULL, NULL),
(1255, '2022-12-29 10:12:45', 'Receiving', NULL, '2022-12-29 10:12:45', '2022-12-29 10:12:45', 'import receiving', 'ABP0T15', 2, NULL, NULL, NULL, 1, NULL, NULL, NULL),
(1256, '2022-12-29 10:12:45', 'Receiving', NULL, '2022-12-29 10:12:45', '2022-12-29 10:12:45', 'import receiving', 'ANC-CAP-C', 3, NULL, NULL, NULL, 1, NULL, NULL, NULL),
(1257, '2022-12-29 10:12:45', 'Receiving', NULL, '2022-12-29 10:12:45', '2022-12-29 10:12:45', 'import receiving', 'ANC-CAP-LC', 2, NULL, NULL, NULL, 1, NULL, NULL, NULL),
(1258, '2022-12-29 10:12:45', 'Receiving', NULL, '2022-12-29 10:12:45', '2022-12-29 10:12:45', 'import receiving', 'ANC-OAK-C', 3, NULL, NULL, NULL, 1, NULL, NULL, NULL),
(1259, '2022-12-29 10:12:45', 'Receiving', NULL, '2022-12-29 10:12:45', '2022-12-29 10:12:45', 'import receiving', 'AVC-BLK-LC', 2, NULL, NULL, NULL, 1, NULL, NULL, NULL),
(1260, '2022-12-29 10:12:51', 'Inventory_count', NULL, '2022-12-29 10:12:51', '2022-12-29 10:12:51', 'import file', NULL, NULL, NULL, NULL, NULL, 1, NULL, NULL, NULL),
(1261, '2022-12-29 10:13:03', 'Inventory_count', NULL, '2022-12-29 10:13:03', '2022-12-29 10:13:03', 'create inventory', NULL, NULL, NULL, NULL, NULL, 1, NULL, NULL, NULL),
(1262, '2022-12-29 10:16:11', 'Inventory_count', NULL, '2022-12-29 10:16:11', '2022-12-29 10:16:11', 'create inventory', NULL, NULL, NULL, NULL, NULL, 1, NULL, NULL, NULL),
(1263, '2022-12-29 10:40:01', 'Inventory count', NULL, '2022-12-29 10:40:01', '2022-12-29 10:40:01', 'update quantity all product in location', NULL, NULL, NULL, NULL, NULL, 1, NULL, NULL, NULL),
(1264, '2022-12-29 10:40:02', 'Inventory count', NULL, '2022-12-29 10:40:02', '2022-12-29 10:40:02', 'update quantity all product in location', NULL, NULL, NULL, NULL, NULL, 1, NULL, NULL, NULL),
(1265, '2022-12-29 10:40:03', 'Inventory count', NULL, '2022-12-29 10:40:03', '2022-12-29 10:40:03', 'update quantity all product in location', NULL, NULL, NULL, NULL, NULL, 1, NULL, NULL, NULL),
(1266, '2022-12-30 02:23:30', 'Login', 43, '2022-12-30 02:23:30', '2022-12-30 02:23:30', 'Login', NULL, NULL, NULL, NULL, NULL, NULL, NULL, NULL, NULL),
(1267, '2022-12-30 03:32:47', 'inventory_pallet', NULL, '2022-12-30 03:32:47', '2022-12-30 03:32:47', 'delete pallet admin', '002-07-P', NULL, '01B ', NULL, NULL, 1, NULL, NULL, NULL),
(1268, '2022-12-30 03:32:54', 'inventory_pallet', NULL, '2022-12-30 03:32:54', '2022-12-30 03:32:54', 'delete pallet admin', '002-07-P', NULL, '01A ', NULL, NULL, 1, NULL, NULL, NULL),
(1269, '2022-12-30 03:33:53', 'inventory_pallet', NULL, '2022-12-30 03:33:53', '2022-12-30 03:33:53', 'edit pallet admin', '002-07-P', NULL, '01A ', NULL, NULL, 1, NULL, NULL, NULL),
(1270, '2022-12-30 03:34:18', 'inventory_pallet', NULL, '2022-12-30 03:34:18', '2022-12-30 03:34:18', 'edit pallet admin', '002-07-P', NULL, '01A ', NULL, NULL, 1, NULL, NULL, NULL),
(1271, '2022-12-30 03:34:18', 'inventory_pallet', NULL, '2022-12-30 03:34:18', '2022-12-30 03:34:18', 'delete pallet admin', '002-07-P', NULL, '01A ', NULL, NULL, 1, NULL, NULL, NULL),
(1272, '2022-12-30 03:34:26', 'inventory_pallet', NULL, '2022-12-30 03:34:26', '2022-12-30 03:34:26', 'edit pallet admin', '002-07-P', NULL, '01B ', NULL, NULL, 1, NULL, NULL, NULL),
(1273, '2022-12-30 03:34:44', 'inventory_pallet', NULL, '2022-12-30 03:34:44', '2022-12-30 03:34:44', 'edit pallet admin', '002-07-P', NULL, '01B ', NULL, NULL, 1, NULL, NULL, NULL),
(1274, '2022-12-30 03:34:48', 'inventory_pallet', NULL, '2022-12-30 03:34:48', '2022-12-30 03:34:48', 'edit pallet admin', '002-07-P', NULL, '01B ', NULL, NULL, 1, NULL, NULL, NULL),
(1275, '2022-12-30 03:34:48', 'inventory_pallet', NULL, '2022-12-30 03:34:48', '2022-12-30 03:34:48', 'delete pallet admin', '002-07-P', NULL, '01B ', NULL, NULL, 1, NULL, NULL, NULL),
(1276, '2022-12-30 03:37:12', 'inventory_pallet', NULL, '2022-12-30 03:37:12', '2022-12-30 03:37:12', 'edit pallet admin', 'ABP0T15', NULL, '01B ', NULL, NULL, 1, NULL, NULL, NULL),
(1277, '2022-12-30 03:37:17', 'inventory_pallet', NULL, '2022-12-30 03:37:17', '2022-12-30 03:37:17', 'edit pallet admin', 'ABP0T15', NULL, '01B ', NULL, NULL, 1, NULL, NULL, NULL),
(1278, '2022-12-30 03:37:33', 'inventory_pallet', NULL, '2022-12-30 03:37:33', '2022-12-30 03:37:33', 'edit pallet admin', 'ABP0T15', NULL, '01B ', NULL, NULL, 1, NULL, NULL, NULL),
(1279, '2022-12-30 03:37:33', 'inventory_pallet', NULL, '2022-12-30 03:37:33', '2022-12-30 03:37:33', 'delete pallet admin', 'ABP0T15', NULL, '01B ', NULL, NULL, 1, NULL, NULL, NULL),
(1280, '2022-12-30 03:37:46', 'inventory_pallet', NULL, '2022-12-30 03:37:46', '2022-12-30 03:37:46', 'edit pallet admin', 'ABP0T15', NULL, '01B ', NULL, NULL, 1, NULL, NULL, NULL),
(1281, '2022-12-30 03:37:51', 'inventory_pallet', NULL, '2022-12-30 03:37:51', '2022-12-30 03:37:51', 'edit pallet admin', 'ABP0T15', NULL, '01B ', NULL, NULL, 1, NULL, NULL, NULL),
(1282, '2022-12-30 03:37:51', 'inventory_pallet', NULL, '2022-12-30 03:37:51', '2022-12-30 03:37:51', 'delete pallet admin', 'ABP0T15', NULL, '01B ', NULL, NULL, 1, NULL, NULL, NULL),
(1283, '2022-12-30 03:38:20', 'inventory_pallet', NULL, '2022-12-30 03:38:20', '2022-12-30 03:38:20', 'edit pallet admin', 'ANC-OAK-C', NULL, '01B', NULL, NULL, 1, NULL, NULL, NULL),
(1284, '2022-12-30 03:38:38', 'inventory_pallet', NULL, '2022-12-30 03:38:38', '2022-12-30 03:38:38', 'edit pallet admin', 'ANC-CAP-C', NULL, '02D', NULL, NULL, 1, NULL, NULL, NULL),
(1285, '2022-12-30 03:38:38', 'inventory_pallet', NULL, '2022-12-30 03:38:38', '2022-12-30 03:38:38', 'delete pallet admin', 'ANC-CAP-C', NULL, '02D', NULL, NULL, 1, NULL, NULL, NULL),
(1286, '2022-12-30 03:39:29', 'Inventory count', NULL, '2022-12-30 03:39:29', '2022-12-30 03:39:29', 'update quantity all product in location', NULL, NULL, NULL, NULL, NULL, 1, NULL, NULL, NULL),
(1287, '2022-12-30 03:39:30', 'Inventory count', NULL, '2022-12-30 03:39:30', '2022-12-30 03:39:30', 'update quantity all product in location', NULL, NULL, NULL, NULL, NULL, 1, NULL, NULL, NULL),
(1288, '2022-12-30 04:06:23', 'inventory_pallet', NULL, '2022-12-30 04:06:23', '2022-12-30 04:06:23', 'edit pallet admin', 'ANC-CAP-LC', NULL, '21J ', NULL, NULL, 1, NULL, NULL, NULL),
(1289, '2022-12-30 04:06:28', 'inventory_pallet', NULL, '2022-12-30 04:06:28', '2022-12-30 04:06:28', 'edit pallet admin', 'ANC-CAP-LC', NULL, '21J ', NULL, NULL, 1, NULL, NULL, NULL),
(1290, '2022-12-30 04:06:31', 'inventory_pallet', NULL, '2022-12-30 04:06:31', '2022-12-30 04:06:31', 'edit pallet admin', 'ANC-CAP-LC', NULL, '21J ', NULL, NULL, 1, NULL, NULL, NULL),
(1291, '2022-12-30 04:06:31', 'inventory_pallet', NULL, '2022-12-30 04:06:31', '2022-12-30 04:06:31', 'delete pallet admin', 'ANC-CAP-LC', NULL, '21J ', NULL, NULL, 1, NULL, NULL, NULL),
(1292, '2022-12-30 04:06:52', 'inventory_pallet', NULL, '2022-12-30 04:06:52', '2022-12-30 04:06:52', 'edit pallet admin', 'ANC-CAP-LC', NULL, '21J ', NULL, NULL, 1, NULL, NULL, NULL),
(1293, '2022-12-30 04:07:01', 'inventory_pallet', NULL, '2022-12-30 04:07:01', '2022-12-30 04:07:01', 'edit pallet admin', 'ANC-CAP-LC', NULL, '02F', NULL, NULL, 1, NULL, NULL, NULL),
(1294, '2022-12-30 04:07:05', 'inventory_pallet', NULL, '2022-12-30 04:07:05', '2022-12-30 04:07:05', 'edit pallet admin', 'ANC-CAP-LC', NULL, '02F', NULL, NULL, 1, NULL, NULL, NULL),
(1295, '2022-12-30 04:08:09', 'inventory_pallet', NULL, '2022-12-30 04:08:09', '2022-12-30 04:08:09', 'edit pallet admin', 'ANC-CAP-LC', NULL, '21J ', NULL, NULL, 1, NULL, NULL, NULL),
(1296, '2022-12-30 04:08:12', 'inventory_pallet', NULL, '2022-12-30 04:08:12', '2022-12-30 04:08:12', 'edit pallet admin', 'ANC-CAP-LC', NULL, '02F', NULL, NULL, 1, NULL, NULL, NULL),
(1297, '2022-12-30 04:08:26', 'inventory_pallet', NULL, '2022-12-30 04:08:26', '2022-12-30 04:08:26', 'edit pallet admin', 'ANC-CAP-LC', NULL, '21J ', NULL, NULL, 1, NULL, NULL, NULL),
(1298, '2022-12-30 04:08:26', 'inventory_pallet', NULL, '2022-12-30 04:08:26', '2022-12-30 04:08:26', 'delete pallet admin', 'ANC-CAP-LC', NULL, '21J ', NULL, NULL, 1, NULL, NULL, NULL),
(1299, '2022-12-30 04:08:32', 'inventory_pallet', NULL, '2022-12-30 04:08:32', '2022-12-30 04:08:32', 'edit pallet admin', 'ANC-CAP-LC', NULL, '02F', NULL, NULL, 1, NULL, NULL, NULL),
(1300, '2022-12-30 04:08:45', 'inventory_pallet', NULL, '2022-12-30 04:08:45', '2022-12-30 04:08:45', 'edit pallet admin', 'ANC-CAP-LC', NULL, '21J ', NULL, NULL, 1, NULL, NULL, NULL),
(1301, '2022-12-30 04:08:45', 'inventory_pallet', NULL, '2022-12-30 04:08:45', '2022-12-30 04:08:45', 'delete pallet admin', 'ANC-CAP-LC', NULL, '21J ', NULL, NULL, 1, NULL, NULL, NULL),
(1302, '2022-12-30 04:16:34', 'inventory_pallet', NULL, '2022-12-30 04:16:34', '2022-12-30 04:16:34', 'edit pallet admin', 'ANC-CAP-LC', NULL, '21J ', NULL, NULL, 1, NULL, NULL, NULL),
(1303, '2022-12-30 04:16:37', 'inventory_pallet', NULL, '2022-12-30 04:16:37', '2022-12-30 04:16:37', 'edit pallet admin', 'ANC-CAP-LC', NULL, '02F', NULL, NULL, 1, NULL, NULL, NULL),
(1304, '2022-12-30 04:17:05', 'inventory_pallet', NULL, '2022-12-30 04:17:05', '2022-12-30 04:17:05', 'edit pallet admin', 'ANC-CAP-LC', NULL, '02F', NULL, NULL, 1, NULL, NULL, NULL),
(1305, '2022-12-30 04:17:05', 'inventory_pallet', NULL, '2022-12-30 04:17:05', '2022-12-30 04:17:05', 'delete pallet admin', 'ANC-CAP-LC', NULL, '02F', NULL, NULL, 1, NULL, NULL, NULL),
(1306, '2022-12-30 04:17:11', 'inventory_pallet', NULL, '2022-12-30 04:17:11', '2022-12-30 04:17:11', 'edit pallet admin', 'ANC-CAP-LC', NULL, '02F', NULL, NULL, 1, NULL, NULL, NULL),
(1307, '2022-12-30 04:17:11', 'inventory_pallet', NULL, '2022-12-30 04:17:11', '2022-12-30 04:17:11', 'delete pallet admin', 'ANC-CAP-LC', NULL, '02F', NULL, NULL, 1, NULL, NULL, NULL),
(1308, '2022-12-30 04:17:16', 'inventory_pallet', NULL, '2022-12-30 04:17:16', '2022-12-30 04:17:16', 'edit pallet admin', 'ANC-CAP-LC', NULL, '02F', NULL, NULL, 1, NULL, NULL, NULL),
(1309, '2022-12-30 04:17:16', 'inventory_pallet', NULL, '2022-12-30 04:17:16', '2022-12-30 04:17:16', 'delete pallet admin', 'ANC-CAP-LC', NULL, '02F', NULL, NULL, 1, NULL, NULL, NULL),
(1310, '2022-12-30 04:19:27', 'inventory_pallet', NULL, '2022-12-30 04:19:27', '2022-12-30 04:19:27', 'edit pallet admin', 'ANC-OAK-C', NULL, '22U ', NULL, NULL, 1, NULL, NULL, NULL),
(1311, '2022-12-30 04:19:31', 'inventory_pallet', NULL, '2022-12-30 04:19:31', '2022-12-30 04:19:31', 'edit pallet admin', 'ANC-OAK-C', NULL, '22U ', NULL, NULL, 1, NULL, NULL, NULL),
(1312, '2022-12-30 04:19:34', 'inventory_pallet', NULL, '2022-12-30 04:19:34', '2022-12-30 04:19:34', 'edit pallet admin', 'ANC-OAK-C', NULL, '22U ', NULL, NULL, 1, NULL, NULL, NULL),
(1313, '2022-12-30 04:22:29', 'inventory_pallet', NULL, '2022-12-30 04:22:29', '2022-12-30 04:22:29', 'edit pallet admin', 'ABP0T15', NULL, '10C', NULL, NULL, 1, NULL, NULL, NULL),
(1314, '2022-12-30 04:40:07', 'inventory_pallet', NULL, '2022-12-30 04:40:07', '2022-12-30 04:40:07', 'edit pallet admin', '002-07-P', NULL, '01A ', NULL, NULL, 1, NULL, NULL, NULL),
(1315, '2022-12-30 04:40:15', 'inventory_pallet', NULL, '2022-12-30 04:40:15', '2022-12-30 04:40:15', 'edit pallet admin', '002-07-P', NULL, '01A ', NULL, NULL, 1, NULL, NULL, NULL),
(1316, '2022-12-30 04:41:39', 'inventory_pallet', NULL, '2022-12-30 04:41:39', '2022-12-30 04:41:39', 'edit pallet admin', '002-07-P', NULL, '01A ', NULL, NULL, 1, NULL, NULL, NULL),
(1317, '2022-12-30 04:42:07', 'inventory_pallet', NULL, '2022-12-30 04:42:07', '2022-12-30 04:42:07', 'edit pallet admin', '002-07-P', NULL, '01A ', NULL, NULL, 1, NULL, NULL, NULL),
(1318, '2022-12-30 04:42:33', 'inventory_pallet', NULL, '2022-12-30 04:42:33', '2022-12-30 04:42:33', 'edit pallet admin', '002-07-P', NULL, '01A ', NULL, NULL, 1, NULL, NULL, NULL),
(1319, '2022-12-30 04:42:56', 'inventory_pallet', NULL, '2022-12-30 04:42:56', '2022-12-30 04:42:56', 'edit pallet admin', '002-07-P', NULL, '01A ', NULL, NULL, 1, NULL, NULL, NULL),
(1320, '2022-12-30 04:43:16', 'inventory_pallet', NULL, '2022-12-30 04:43:16', '2022-12-30 04:43:16', 'edit pallet admin', '002-07-P', NULL, '01A ', NULL, NULL, 1, NULL, NULL, NULL),
(1321, '2022-12-30 04:47:51', 'inventory_pallet', NULL, '2022-12-30 04:47:51', '2022-12-30 04:47:51', 'edit pallet admin', '002-07-P', NULL, '01A ', NULL, NULL, 1, NULL, NULL, NULL),
(1322, '2022-12-30 04:48:18', 'inventory_pallet', NULL, '2022-12-30 04:48:18', '2022-12-30 04:48:18', 'edit pallet admin', 'ABP0T15', NULL, '11B ', NULL, NULL, 1, NULL, NULL, NULL),
(1323, '2022-12-30 04:48:27', 'inventory_pallet', NULL, '2022-12-30 04:48:27', '2022-12-30 04:48:27', 'edit pallet admin', '002-07-P', NULL, '10A', NULL, NULL, 1, NULL, NULL, NULL),
(1324, '2022-12-30 04:49:29', 'inventory_pallet', NULL, '2022-12-30 04:49:29', '2022-12-30 04:49:29', 'edit pallet admin', '002-07-P', NULL, '01A ', NULL, NULL, 1, NULL, NULL, NULL),
(1325, '2022-12-30 04:49:45', 'inventory_pallet', NULL, '2022-12-30 04:49:45', '2022-12-30 04:49:45', 'edit pallet admin', '002-07-P', NULL, '01A ', NULL, NULL, 1, NULL, NULL, NULL),
(1326, '2022-12-30 04:49:54', 'inventory_pallet', NULL, '2022-12-30 04:49:54', '2022-12-30 04:49:54', 'edit pallet admin', '002-07-P', NULL, '10A', NULL, NULL, 1, NULL, NULL, NULL),
(1327, '2022-12-30 04:51:02', 'logout', 43, '2022-12-30 04:51:02', '2022-12-30 04:51:02', 'logout', NULL, NULL, NULL, NULL, NULL, NULL, NULL, NULL, NULL),
(1328, '2022-12-30 04:53:51', 'inventory_pallet', NULL, '2022-12-30 04:53:51', '2022-12-30 04:53:51', 'edit pallet admin', '002-07-P', NULL, '10A ', NULL, NULL, 1, NULL, NULL, NULL),
(1329, '2022-12-30 04:55:06', 'inventory_pallet', NULL, '2022-12-30 04:55:06', '2022-12-30 04:55:06', 'edit pallet admin', '002-07-P', NULL, '10A ', NULL, NULL, 1, NULL, NULL, NULL),
(1330, '2022-12-30 04:56:59', 'inventory_pallet', NULL, '2022-12-30 04:56:59', '2022-12-30 04:56:59', 'edit pallet admin', '002-07-P', NULL, '10A ', NULL, NULL, 1, NULL, NULL, NULL),
(1331, '2022-12-30 06:36:56', 'inventory_pallet', NULL, '2022-12-30 06:36:56', '2022-12-30 06:36:56', 'edit pallet admin', '002-07-P', NULL, '01A ', NULL, NULL, 1, NULL, NULL, NULL),
(1332, '2022-12-30 06:38:50', 'inventory_pallet', NULL, '2022-12-30 06:38:50', '2022-12-30 06:38:50', 'edit pallet admin', '002-07-P', NULL, '01A ', NULL, NULL, 1, NULL, NULL, NULL),
(1333, '2022-12-30 06:38:57', 'inventory_pallet', NULL, '2022-12-30 06:38:57', '2022-12-30 06:38:57', 'edit pallet admin', '002-07-P', NULL, '10A', NULL, NULL, 1, NULL, NULL, NULL),
(1334, '2022-12-30 06:40:23', 'inventory_pallet', NULL, '2022-12-30 06:40:23', '2022-12-30 06:40:23', 'edit pallet admin', '002-07-P', NULL, '10A', NULL, NULL, 1, NULL, NULL, NULL),
(1335, '2022-12-30 06:40:34', 'inventory_pallet', NULL, '2022-12-30 06:40:34', '2022-12-30 06:40:34', 'edit pallet admin', '002-07-P', NULL, '10A', NULL, NULL, 1, NULL, NULL, NULL),
(1336, '2022-12-30 06:41:10', 'inventory_pallet', NULL, '2022-12-30 06:41:10', '2022-12-30 06:41:10', 'edit pallet admin', '002-07-P', NULL, '01A ', NULL, NULL, 1, NULL, NULL, NULL),
(1337, '2022-12-30 06:43:15', 'inventory_pallet', NULL, '2022-12-30 06:43:15', '2022-12-30 06:43:15', 'edit pallet admin', '002-07-P', NULL, '01A ', NULL, NULL, 1, NULL, NULL, NULL),
(1338, '2022-12-30 06:43:15', 'inventory_pallet', NULL, '2022-12-30 06:43:15', '2022-12-30 06:43:15', 'delete pallet admin', '002-07-P', NULL, '01A ', NULL, NULL, 1, NULL, NULL, NULL),
(1339, '2022-12-30 06:43:19', 'inventory_pallet', NULL, '2022-12-30 06:43:19', '2022-12-30 06:43:19', 'edit pallet admin', '002-07-P', NULL, '10A', NULL, NULL, 1, NULL, NULL, NULL),
(1340, '2022-12-30 06:43:19', 'inventory_pallet', NULL, '2022-12-30 06:43:19', '2022-12-30 06:43:19', 'delete pallet admin', '002-07-P', NULL, '10A', NULL, NULL, 1, NULL, NULL, NULL),
(1341, '2022-12-30 06:43:24', 'inventory_pallet', NULL, '2022-12-30 06:43:24', '2022-12-30 06:43:24', 'edit pallet admin', '002-07-P', NULL, '01B ', NULL, NULL, 1, NULL, NULL, NULL),
(1342, '2022-12-30 06:43:24', 'inventory_pallet', NULL, '2022-12-30 06:43:24', '2022-12-30 06:43:24', 'delete pallet admin', '002-07-P', NULL, '01B ', NULL, NULL, 1, NULL, NULL, NULL),
(1343, '2022-12-30 06:43:34', 'inventory_pallet', NULL, '2022-12-30 06:43:34', '2022-12-30 06:43:34', 'edit pallet admin', '002-07-P', NULL, '10A', NULL, NULL, 1, NULL, NULL, NULL),
(1344, '2022-12-30 07:12:23', 'inventory_pallet', NULL, '2022-12-30 07:12:23', '2022-12-30 07:12:23', 'edit pallet admin', 'ANC-CAP-LC', NULL, '02F', NULL, NULL, 1, NULL, NULL, NULL),
(1345, '2022-12-30 08:00:51', 'inventory_pallet', NULL, '2022-12-30 08:00:51', '2022-12-30 08:00:51', 'edit pallet admin', 'ANC-CAP-LC', NULL, '21J ', NULL, NULL, 1, NULL, NULL, NULL),
(1346, '2022-12-30 08:00:54', 'inventory_pallet', NULL, '2022-12-30 08:00:54', '2022-12-30 08:00:54', 'edit pallet admin', 'ANC-CAP-LC', NULL, '21J ', NULL, NULL, 1, NULL, NULL, NULL),
(1347, '2022-12-30 08:00:54', 'inventory_pallet', NULL, '2022-12-30 08:00:54', '2022-12-30 08:00:54', 'delete pallet admin', 'ANC-CAP-LC', NULL, '21J ', NULL, NULL, 1, NULL, NULL, NULL),
(1348, '2022-12-30 08:06:20', 'Login', 43, '2022-12-30 08:06:20', '2022-12-30 08:06:20', 'Login', NULL, NULL, NULL, NULL, NULL, NULL, NULL, NULL, NULL),
(1349, '2022-12-30 08:15:26', 'Login', 43, '2022-12-30 08:15:26', '2022-12-30 08:15:26', 'Login', NULL, NULL, NULL, NULL, NULL, NULL, NULL, NULL, NULL),
(1350, '2022-12-30 08:16:27', 'logout', 43, '2022-12-30 08:16:27', '2022-12-30 08:16:27', 'logout', NULL, NULL, NULL, NULL, NULL, NULL, NULL, NULL, NULL),
(1351, '2022-12-30 08:16:27', 'logout', 43, '2022-12-30 08:16:27', '2022-12-30 08:16:27', 'logout', NULL, NULL, NULL, NULL, NULL, NULL, NULL, NULL, NULL),
(1352, '2022-12-30 08:16:27', 'logout', 43, '2022-12-30 08:16:27', '2022-12-30 08:16:27', 'logout', NULL, NULL, NULL, NULL, NULL, NULL, NULL, NULL, NULL),
(1353, '2022-12-30 08:16:27', 'logout', 43, '2022-12-30 08:16:27', '2022-12-30 08:16:27', 'logout', NULL, NULL, NULL, NULL, NULL, NULL, NULL, NULL, NULL),
(1354, '2022-12-30 08:16:27', 'logout', 43, '2022-12-30 08:16:27', '2022-12-30 08:16:27', 'logout', NULL, NULL, NULL, NULL, NULL, NULL, NULL, NULL, NULL),
(1355, '2022-12-30 08:16:27', 'logout', 43, '2022-12-30 08:16:27', '2022-12-30 08:16:27', 'logout', NULL, NULL, NULL, NULL, NULL, NULL, NULL, NULL, NULL),
(1356, '2022-12-30 08:16:27', 'logout', 43, '2022-12-30 08:16:27', '2022-12-30 08:16:27', 'logout', NULL, NULL, NULL, NULL, NULL, NULL, NULL, NULL, NULL),
(1357, '2022-12-30 08:16:27', 'logout', 43, '2022-12-30 08:16:27', '2022-12-30 08:16:27', 'logout', NULL, NULL, NULL, NULL, NULL, NULL, NULL, NULL, NULL),
(1358, '2022-12-30 08:18:47', 'inventory_pallet', NULL, '2022-12-30 08:18:47', '2022-12-30 08:18:47', 'edit pallet admin', 'ANC-CAP-LC', NULL, '21J ', NULL, NULL, 1, NULL, NULL, NULL),
(1359, '2022-12-30 08:18:47', 'inventory_pallet', NULL, '2022-12-30 08:18:47', '2022-12-30 08:18:47', 'delete pallet admin', 'ANC-CAP-LC', NULL, '21J ', NULL, NULL, 1, NULL, NULL, NULL),
(1360, '2022-12-30 08:18:54', 'inventory_pallet', NULL, '2022-12-30 08:18:54', '2022-12-30 08:18:54', 'edit pallet admin', 'ANC-CAP-LC', NULL, '02F', NULL, NULL, 1, NULL, NULL, NULL),
(1361, '2022-12-30 08:18:58', 'inventory_pallet', NULL, '2022-12-30 08:18:58', '2022-12-30 08:18:58', 'edit pallet admin', 'ANC-CAP-LC', NULL, '02F', NULL, NULL, 1, NULL, NULL, NULL),
(1362, '2022-12-30 08:19:13', 'inventory_pallet', NULL, '2022-12-30 08:19:13', '2022-12-30 08:19:13', 'edit pallet admin', 'ANC-CAP-LC', NULL, '02F', NULL, NULL, 1, NULL, NULL, NULL),
(1363, '2022-12-30 08:19:13', 'inventory_pallet', NULL, '2022-12-30 08:19:13', '2022-12-30 08:19:13', 'delete pallet admin', 'ANC-CAP-LC', NULL, '02F', NULL, NULL, 1, NULL, NULL, NULL),
(1364, '2022-12-30 08:19:17', 'inventory_pallet', NULL, '2022-12-30 08:19:17', '2022-12-30 08:19:17', 'edit pallet admin', 'ANC-CAP-LC', NULL, '02F', NULL, NULL, 1, NULL, NULL, NULL),
(1365, '2022-12-30 08:19:29', 'inventory_pallet', NULL, '2022-12-30 08:19:29', '2022-12-30 08:19:29', 'edit pallet admin', 'ANC-CAP-LC', NULL, '21J ', NULL, NULL, 1, NULL, NULL, NULL),
(1366, '2022-12-30 08:20:08', 'inventory_pallet', NULL, '2022-12-30 08:20:08', '2022-12-30 08:20:08', 'edit pallet admin', 'ANC-CAP-LC', NULL, '21J ', NULL, NULL, 1, NULL, NULL, NULL),
(1367, '2022-12-30 08:25:25', 'Login', 43, '2022-12-30 08:25:25', '2022-12-30 08:25:25', 'Login', NULL, NULL, NULL, NULL, NULL, NULL, NULL, NULL, NULL),
(1368, '2022-12-30 08:30:01', 'Login', 43, '2022-12-30 08:30:01', '2022-12-30 08:30:01', 'Login', NULL, NULL, NULL, NULL, NULL, NULL, NULL, NULL, NULL),
(1369, '2022-12-30 08:30:12', 'Login', 43, '2022-12-30 08:30:12', '2022-12-30 08:30:12', 'Login', NULL, NULL, NULL, NULL, NULL, NULL, NULL, NULL, NULL),
(1370, '2022-12-30 08:31:14', 'Login', 43, '2022-12-30 08:31:14', '2022-12-30 08:31:14', 'Login', NULL, NULL, NULL, NULL, NULL, NULL, NULL, NULL, NULL),
(1371, '2022-12-30 08:31:33', 'inventory_pallet', NULL, '2022-12-30 08:31:33', '2022-12-30 08:31:33', 'edit pallet admin', 'ANC-CAP-LC', NULL, '21J ', NULL, NULL, 1, NULL, NULL, NULL),
(1372, '2022-12-30 08:31:37', 'inventory_pallet', NULL, '2022-12-30 08:31:37', '2022-12-30 08:31:37', 'edit pallet admin', 'ANC-CAP-LC', NULL, '21J ', NULL, NULL, 1, NULL, NULL, NULL),
(1373, '2022-12-30 08:31:37', 'inventory_pallet', NULL, '2022-12-30 08:31:37', '2022-12-30 08:31:37', 'delete pallet admin', 'ANC-CAP-LC', NULL, '21J ', NULL, NULL, 1, NULL, NULL, NULL),
(1374, '2022-12-30 08:41:51', 'inventory_pallet', NULL, '2022-12-30 08:41:51', '2022-12-30 08:41:51', 'edit pallet admin', 'ANC-CAP-LC', NULL, '02F', NULL, NULL, 1, NULL, NULL, NULL),
(1375, '2022-12-30 08:54:31', 'logout', 43, '2022-12-30 08:54:31', '2022-12-30 08:54:31', 'logout', NULL, NULL, NULL, NULL, NULL, NULL, NULL, NULL, NULL),
(1376, '2022-12-30 08:54:40', 'Login', 43, '2022-12-30 08:54:40', '2022-12-30 08:54:40', 'Login', NULL, NULL, NULL, NULL, NULL, NULL, NULL, NULL, NULL),
(1377, '2022-12-30 08:59:09', 'logout', 43, '2022-12-30 08:59:09', '2022-12-30 08:59:09', 'logout', NULL, NULL, NULL, NULL, NULL, NULL, NULL, NULL, NULL),
(1378, '2022-12-30 09:29:35', 'logout', 43, '2022-12-30 09:29:35', '2022-12-30 09:29:35', 'logout', NULL, NULL, NULL, NULL, NULL, NULL, NULL, NULL, NULL),
(1379, '2022-12-30 10:51:31', 'Login', 41, '2022-12-30 10:51:31', '2022-12-30 10:51:31', 'Login', NULL, NULL, NULL, NULL, NULL, NULL, NULL, NULL, NULL),
(1380, '2022-12-30 10:51:58', 'logout', 41, '2022-12-30 10:51:58', '2022-12-30 10:51:58', 'logout', NULL, NULL, NULL, NULL, NULL, NULL, NULL, NULL, NULL),
(1381, '2022-12-30 11:02:13', 'Login', 41, '2022-12-30 11:02:13', '2022-12-30 11:02:13', 'Login', NULL, NULL, NULL, NULL, NULL, NULL, NULL, NULL, NULL),
(1382, '2022-12-30 11:15:38', 'Login', 41, '2022-12-30 11:15:38', '2022-12-30 11:15:38', 'Login', NULL, NULL, NULL, NULL, NULL, NULL, NULL, NULL, NULL),
(1383, '2023-01-03 06:32:41', 'Inventory count', NULL, '2023-01-03 06:32:41', '2023-01-03 06:32:41', 'update quantity all product in location', NULL, NULL, NULL, NULL, NULL, 1, NULL, NULL, NULL),
(1384, '2023-01-03 06:32:42', 'Inventory count', NULL, '2023-01-03 06:32:42', '2023-01-03 06:32:42', 'update quantity all product in location', NULL, NULL, NULL, NULL, NULL, 1, NULL, NULL, NULL),
(1385, '2023-01-03 06:32:42', 'Inventory count', NULL, '2023-01-03 06:32:42', '2023-01-03 06:32:42', 'update quantity all product in location', NULL, NULL, NULL, NULL, NULL, 1, NULL, NULL, NULL),
(1386, '2023-01-03 06:32:42', 'Inventory count', NULL, '2023-01-03 06:32:42', '2023-01-03 06:32:42', 'update quantity all product in location', NULL, NULL, NULL, NULL, NULL, 1, NULL, NULL, NULL);

-- --------------------------------------------------------

--
-- Table structure for table `active_pallet`
--

CREATE TABLE `active_pallet` (
  `id` int(11) NOT NULL,
  `pallet_number` int(11) DEFAULT NULL,
  `quantity` int(11) DEFAULT NULL,
  `active_id` int(11) DEFAULT NULL,
  `created_at` datetime DEFAULT NULL,
  `updated_at` datetime DEFAULT NULL
) ENGINE=InnoDB DEFAULT CHARSET=utf8mb4;

--
-- Dumping data for table `active_pallet`
--

INSERT INTO `active_pallet` (`id`, `pallet_number`, `quantity`, `active_id`, `created_at`, `updated_at`) VALUES
(1, 2, NULL, 1267, '2022-12-30 03:32:47', '2022-12-30 03:32:47'),
(2, 1, NULL, 1267, '2022-12-30 03:32:47', '2022-12-30 03:32:47'),
(3, 1, NULL, 1268, '2022-12-30 03:32:54', '2022-12-30 03:32:54'),
(4, 2, NULL, 1268, '2022-12-30 03:32:54', '2022-12-30 03:32:54'),
(5, 1, 25, 1269, '2022-12-30 03:33:53', '2022-12-30 03:33:53'),
(6, 2, 25, 1269, '2022-12-30 03:33:53', '2022-12-30 03:33:53'),
(7, 3, 25, 1269, '2022-12-30 03:33:53', '2022-12-30 03:33:53'),
(8, 4, 25, 1269, '2022-12-30 03:33:53', '2022-12-30 03:33:53'),
(9, 5, 25, 1269, '2022-12-30 03:33:53', '2022-12-30 03:33:53'),
(10, 1, 25, 1270, '2022-12-30 03:34:18', '2022-12-30 03:34:18'),
(11, 2, 25, 1270, '2022-12-30 03:34:18', '2022-12-30 03:34:18'),
(12, 3, 25, 1270, '2022-12-30 03:34:18', '2022-12-30 03:34:18'),
(13, 5, NULL, 1271, '2022-12-30 03:34:18', '2022-12-30 03:34:18'),
(14, 4, NULL, 1271, '2022-12-30 03:34:18', '2022-12-30 03:34:18'),
(15, 1, 55, 1272, '2022-12-30 03:34:26', '2022-12-30 03:34:26'),
(16, 2, 55, 1272, '2022-12-30 03:34:26', '2022-12-30 03:34:26'),
(17, 3, 5, 1272, '2022-12-30 03:34:26', '2022-12-30 03:34:26'),
(18, 4, 5, 1272, '2022-12-30 03:34:26', '2022-12-30 03:34:26'),
(19, 5, 55, 1272, '2022-12-30 03:34:26', '2022-12-30 03:34:26'),
(20, 1, 55, 1273, '2022-12-30 03:34:44', '2022-12-30 03:34:44'),
(21, 2, 255, 1273, '2022-12-30 03:34:44', '2022-12-30 03:34:44'),
(22, 3, 255, 1273, '2022-12-30 03:34:44', '2022-12-30 03:34:44'),
(23, 4, 235, 1273, '2022-12-30 03:34:44', '2022-12-30 03:34:44'),
(24, 1, 55, 1274, '2022-12-30 03:34:48', '2022-12-30 03:34:48'),
(25, 2, 255, 1274, '2022-12-30 03:34:48', '2022-12-30 03:34:48'),
(26, 3, 255, 1274, '2022-12-30 03:34:48', '2022-12-30 03:34:48'),
(27, 4, 235, 1274, '2022-12-30 03:34:48', '2022-12-30 03:34:48'),
(28, 5, NULL, 1275, '2022-12-30 03:34:48', '2022-12-30 03:34:48'),
(29, 1, 200, 1276, '2022-12-30 03:37:12', '2022-12-30 03:37:12'),
(30, 2, 200, 1276, '2022-12-30 03:37:12', '2022-12-30 03:37:12'),
(31, 3, 200, 1276, '2022-12-30 03:37:12', '2022-12-30 03:37:12'),
(32, 4, 65, 1276, '2022-12-30 03:37:12', '2022-12-30 03:37:12'),
(33, 1, 200, 1277, '2022-12-30 03:37:17', '2022-12-30 03:37:17'),
(34, 2, 200, 1277, '2022-12-30 03:37:17', '2022-12-30 03:37:17'),
(35, 3, 200, 1277, '2022-12-30 03:37:17', '2022-12-30 03:37:17'),
(36, 4, 15, 1277, '2022-12-30 03:37:17', '2022-12-30 03:37:17'),
(37, 1, 200, 1278, '2022-12-30 03:37:33', '2022-12-30 03:37:33'),
(38, 2, 200, 1278, '2022-12-30 03:37:33', '2022-12-30 03:37:33'),
(39, 4, NULL, 1279, '2022-12-30 03:37:33', '2022-12-30 03:37:33'),
(40, 3, NULL, 1279, '2022-12-30 03:37:33', '2022-12-30 03:37:33'),
(41, 1, 200, 1280, '2022-12-30 03:37:46', '2022-12-30 03:37:46'),
(42, 2, 200, 1280, '2022-12-30 03:37:46', '2022-12-30 03:37:46'),
(43, 3, 255, 1280, '2022-12-30 03:37:46', '2022-12-30 03:37:46'),
(44, 4, 255, 1280, '2022-12-30 03:37:46', '2022-12-30 03:37:46'),
(45, 6, 255, 1280, '2022-12-30 03:37:46', '2022-12-30 03:37:46'),
(46, 1, 200, 1281, '2022-12-30 03:37:51', '2022-12-30 03:37:51'),
(47, 2, 200, 1281, '2022-12-30 03:37:51', '2022-12-30 03:37:51'),
(48, 3, 255, 1281, '2022-12-30 03:37:51', '2022-12-30 03:37:51'),
(49, 4, 255, 1281, '2022-12-30 03:37:51', '2022-12-30 03:37:51'),
(50, 6, NULL, 1282, '2022-12-30 03:37:51', '2022-12-30 03:37:51'),
(51, 1, 200, 1283, '2022-12-30 03:38:20', '2022-12-30 03:38:20'),
(52, 2, 200, 1283, '2022-12-30 03:38:20', '2022-12-30 03:38:20'),
(53, 3, 200, 1283, '2022-12-30 03:38:20', '2022-12-30 03:38:20'),
(54, 4, 56, 1283, '2022-12-30 03:38:20', '2022-12-30 03:38:20'),
(55, 2, 100, 1284, '2022-12-30 03:38:38', '2022-12-30 03:38:38'),
(56, 3, 100, 1284, '2022-12-30 03:38:38', '2022-12-30 03:38:38'),
(57, 4, 100, 1284, '2022-12-30 03:38:38', '2022-12-30 03:38:38'),
(58, 5, 34, 1284, '2022-12-30 03:38:38', '2022-12-30 03:38:38'),
(59, 1, NULL, 1285, '2022-12-30 03:38:38', '2022-12-30 03:38:38'),
(60, 1, 25, 1288, '2022-12-30 04:06:23', '2022-12-30 04:06:23'),
(61, 2, 22, 1288, '2022-12-30 04:06:23', '2022-12-30 04:06:23'),
(62, 3, 25, 1288, '2022-12-30 04:06:23', '2022-12-30 04:06:23'),
(63, 1, 25, 1289, '2022-12-30 04:06:28', '2022-12-30 04:06:28'),
(64, 2, 22, 1289, '2022-12-30 04:06:28', '2022-12-30 04:06:28'),
(65, 3, 25, 1289, '2022-12-30 04:06:28', '2022-12-30 04:06:28'),
(66, 4, 27, 1289, '2022-12-30 04:06:28', '2022-12-30 04:06:28'),
(67, 1, 25, 1290, '2022-12-30 04:06:31', '2022-12-30 04:06:31'),
(68, 2, 22, 1290, '2022-12-30 04:06:31', '2022-12-30 04:06:31'),
(69, 4, NULL, 1291, '2022-12-30 04:06:31', '2022-12-30 04:06:31'),
(70, 3, NULL, 1291, '2022-12-30 04:06:31', '2022-12-30 04:06:31'),
(71, 1, 25, 1292, '2022-12-30 04:06:52', '2022-12-30 04:06:52'),
(72, 2, 22, 1292, '2022-12-30 04:06:52', '2022-12-30 04:06:52'),
(73, 3, 22, 1292, '2022-12-30 04:06:52', '2022-12-30 04:06:52'),
(74, 1, 20, 1293, '2022-12-30 04:07:01', '2022-12-30 04:07:01'),
(75, 2, 25, 1293, '2022-12-30 04:07:01', '2022-12-30 04:07:01'),
(76, 1, 20, 1294, '2022-12-30 04:07:05', '2022-12-30 04:07:05'),
(77, 2, 3, 1294, '2022-12-30 04:07:05', '2022-12-30 04:07:05'),
(78, 1, 25, 1295, '2022-12-30 04:08:09', '2022-12-30 04:08:09'),
(79, 2, 22, 1295, '2022-12-30 04:08:09', '2022-12-30 04:08:09'),
(80, 3, 22, 1295, '2022-12-30 04:08:09', '2022-12-30 04:08:09'),
(81, 4, 2222, 1295, '2022-12-30 04:08:09', '2022-12-30 04:08:09'),
(82, 1, 20, 1296, '2022-12-30 04:08:12', '2022-12-30 04:08:12'),
(83, 2, 3, 1296, '2022-12-30 04:08:12', '2022-12-30 04:08:12'),
(84, 4, 25, 1296, '2022-12-30 04:08:12', '2022-12-30 04:08:12'),
(85, 1, 25, 1297, '2022-12-30 04:08:26', '2022-12-30 04:08:26'),
(86, 2, 22, 1297, '2022-12-30 04:08:26', '2022-12-30 04:08:26'),
(87, 3, 22, 1297, '2022-12-30 04:08:26', '2022-12-30 04:08:26'),
(88, 4, NULL, 1298, '2022-12-30 04:08:26', '2022-12-30 04:08:26'),
(89, 1, 20, 1299, '2022-12-30 04:08:32', '2022-12-30 04:08:32'),
(90, 2, 3, 1299, '2022-12-30 04:08:32', '2022-12-30 04:08:32'),
(91, 3, 44, 1299, '2022-12-30 04:08:32', '2022-12-30 04:08:32'),
(92, 4, 25, 1299, '2022-12-30 04:08:32', '2022-12-30 04:08:32'),
(93, 1, 25, 1300, '2022-12-30 04:08:45', '2022-12-30 04:08:45'),
(94, 2, 22, 1300, '2022-12-30 04:08:45', '2022-12-30 04:08:45'),
(95, 3, NULL, 1301, '2022-12-30 04:08:45', '2022-12-30 04:08:45'),
(96, 1, 25, 1302, '2022-12-30 04:16:34', '2022-12-30 04:16:34'),
(97, 2, 22, 1302, '2022-12-30 04:16:34', '2022-12-30 04:16:34'),
(98, 3, 25, 1302, '2022-12-30 04:16:34', '2022-12-30 04:16:34'),
(99, 1, 20, 1303, '2022-12-30 04:16:37', '2022-12-30 04:16:37'),
(100, 2, 3, 1303, '2022-12-30 04:16:37', '2022-12-30 04:16:37'),
(101, 3, 44, 1303, '2022-12-30 04:16:37', '2022-12-30 04:16:37'),
(102, 4, 25, 1303, '2022-12-30 04:16:37', '2022-12-30 04:16:37'),
(103, 5, 25, 1303, '2022-12-30 04:16:37', '2022-12-30 04:16:37'),
(104, 1, 20, 1304, '2022-12-30 04:17:05', '2022-12-30 04:17:05'),
(105, 2, 3, 1304, '2022-12-30 04:17:05', '2022-12-30 04:17:05'),
(106, 3, 44, 1304, '2022-12-30 04:17:05', '2022-12-30 04:17:05'),
(107, 4, 25, 1304, '2022-12-30 04:17:05', '2022-12-30 04:17:05'),
(108, 5, NULL, 1305, '2022-12-30 04:17:05', '2022-12-30 04:17:05'),
(109, 1, 20, 1306, '2022-12-30 04:17:11', '2022-12-30 04:17:11'),
(110, 5, 2, 1306, '2022-12-30 04:17:11', '2022-12-30 04:17:11'),
(111, 4, NULL, 1307, '2022-12-30 04:17:11', '2022-12-30 04:17:11'),
(112, 3, NULL, 1307, '2022-12-30 04:17:11', '2022-12-30 04:17:11'),
(113, 2, NULL, 1307, '2022-12-30 04:17:11', '2022-12-30 04:17:11'),
(114, 1, 20, 1308, '2022-12-30 04:17:16', '2022-12-30 04:17:16'),
(115, 2, 3, 1308, '2022-12-30 04:17:16', '2022-12-30 04:17:16'),
(116, 5, NULL, 1309, '2022-12-30 04:17:16', '2022-12-30 04:17:16'),
(117, 1, 25, 1310, '2022-12-30 04:19:27', '2022-12-30 04:19:27'),
(118, 1, 25, 1311, '2022-12-30 04:19:31', '2022-12-30 04:19:31'),
(119, 2, 55, 1311, '2022-12-30 04:19:31', '2022-12-30 04:19:31'),
(120, 1, 25, 1312, '2022-12-30 04:19:34', '2022-12-30 04:19:34'),
(121, 2, 55, 1312, '2022-12-30 04:19:34', '2022-12-30 04:19:34'),
(122, 3, 666, 1312, '2022-12-30 04:19:34', '2022-12-30 04:19:34'),
(123, 1, 25, 1313, '2022-12-30 04:22:29', '2022-12-30 04:22:29'),
(124, 1, 25, 1314, '2022-12-30 04:40:07', '2022-12-30 04:40:07'),
(125, 1, 25, 1315, '2022-12-30 04:40:15', '2022-12-30 04:40:15'),
(126, 2, 25, 1315, '2022-12-30 04:40:15', '2022-12-30 04:40:15'),
(127, 3, 25, 1315, '2022-12-30 04:40:15', '2022-12-30 04:40:15'),
(128, 1, 25, 1316, '2022-12-30 04:41:39', '2022-12-30 04:41:39'),
(129, 2, 25, 1316, '2022-12-30 04:41:39', '2022-12-30 04:41:39'),
(130, 3, 2, 1316, '2022-12-30 04:41:39', '2022-12-30 04:41:39'),
(131, 1, 25, 1317, '2022-12-30 04:42:07', '2022-12-30 04:42:07'),
(132, 2, 25, 1317, '2022-12-30 04:42:07', '2022-12-30 04:42:07'),
(133, 1, 25, 1318, '2022-12-30 04:42:33', '2022-12-30 04:42:33'),
(134, 2, 25, 1318, '2022-12-30 04:42:33', '2022-12-30 04:42:33'),
(135, 1, 25, 1319, '2022-12-30 04:42:56', '2022-12-30 04:42:56'),
(136, 1, 5, 1320, '2022-12-30 04:43:16', '2022-12-30 04:43:16'),
(137, 1, 25, 1321, '2022-12-30 04:47:51', '2022-12-30 04:47:51'),
(138, 2, 25, 1321, '2022-12-30 04:47:51', '2022-12-30 04:47:51'),
(139, 3, 5, 1321, '2022-12-30 04:47:51', '2022-12-30 04:47:51'),
(140, 1, 25, 1322, '2022-12-30 04:48:18', '2022-12-30 04:48:18'),
(141, 1, 25, 1323, '2022-12-30 04:48:27', '2022-12-30 04:48:27'),
(142, 2, 25, 1323, '2022-12-30 04:48:27', '2022-12-30 04:48:27'),
(143, 3, 25, 1323, '2022-12-30 04:48:27', '2022-12-30 04:48:27'),
(144, 4, 25, 1323, '2022-12-30 04:48:27', '2022-12-30 04:48:27'),
(145, 5, 25, 1323, '2022-12-30 04:48:27', '2022-12-30 04:48:27'),
(146, 1, 25, 1324, '2022-12-30 04:49:29', '2022-12-30 04:49:29'),
(147, 2, 25, 1324, '2022-12-30 04:49:29', '2022-12-30 04:49:29'),
(148, 3, 25, 1324, '2022-12-30 04:49:29', '2022-12-30 04:49:29'),
(149, 1, 25, 1325, '2022-12-30 04:49:45', '2022-12-30 04:49:45'),
(150, 2, 25, 1325, '2022-12-30 04:49:45', '2022-12-30 04:49:45'),
(151, 3, 25, 1325, '2022-12-30 04:49:45', '2022-12-30 04:49:45'),
(152, 2, 222222, 1326, '2022-12-30 04:49:54', '2022-12-30 04:49:54'),
(153, 2, 2222, 1328, '2022-12-30 04:53:51', '2022-12-30 04:53:51'),
(154, 2, 2222, 1329, '2022-12-30 04:55:06', '2022-12-30 04:55:06'),
(155, 2, 25, 1330, '2022-12-30 04:56:59', '2022-12-30 04:56:59'),
(156, 1, 25, 1331, '2022-12-30 06:36:56', '2022-12-30 06:36:56'),
(157, 1, 25, 1332, '2022-12-30 06:38:50', '2022-12-30 06:38:50'),
(158, 2, 25, 1332, '2022-12-30 06:38:50', '2022-12-30 06:38:50'),
(159, 3, 25, 1332, '2022-12-30 06:38:50', '2022-12-30 06:38:50'),
(160, 4, 25, 1332, '2022-12-30 06:38:50', '2022-12-30 06:38:50'),
(161, 1, 25, 1333, '2022-12-30 06:38:57', '2022-12-30 06:38:57'),
(162, 2, 25, 1333, '2022-12-30 06:38:57', '2022-12-30 06:38:57'),
(163, 3, 25, 1333, '2022-12-30 06:38:57', '2022-12-30 06:38:57'),
(164, 4, 25, 1333, '2022-12-30 06:38:57', '2022-12-30 06:38:57'),
(165, 5, 25, 1333, '2022-12-30 06:38:57', '2022-12-30 06:38:57'),
(166, 1, 25, 1334, '2022-12-30 06:40:23', '2022-12-30 06:40:23'),
(167, 2, 25, 1334, '2022-12-30 06:40:23', '2022-12-30 06:40:23'),
(168, 3, 25, 1334, '2022-12-30 06:40:23', '2022-12-30 06:40:23'),
(169, 4, 25, 1334, '2022-12-30 06:40:23', '2022-12-30 06:40:23'),
(170, 5, 25, 1334, '2022-12-30 06:40:23', '2022-12-30 06:40:23'),
(171, 6, 255, 1334, '2022-12-30 06:40:23', '2022-12-30 06:40:23'),
(172, 1, 25, 1335, '2022-12-30 06:40:34', '2022-12-30 06:40:34'),
(173, 2, 25, 1335, '2022-12-30 06:40:34', '2022-12-30 06:40:34'),
(174, 3, 215, 1335, '2022-12-30 06:40:34', '2022-12-30 06:40:34'),
(175, 4, 255, 1335, '2022-12-30 06:40:34', '2022-12-30 06:40:34'),
(176, 5, 25, 1335, '2022-12-30 06:40:34', '2022-12-30 06:40:34'),
(177, 6, 255, 1335, '2022-12-30 06:40:34', '2022-12-30 06:40:34'),
(178, 1, 25, 1336, '2022-12-30 06:41:10', '2022-12-30 06:41:10'),
(179, 2, 25, 1336, '2022-12-30 06:41:10', '2022-12-30 06:41:10'),
(180, 3, 25, 1336, '2022-12-30 06:41:10', '2022-12-30 06:41:10'),
(181, 4, 25, 1336, '2022-12-30 06:41:10', '2022-12-30 06:41:10'),
(182, 1, 25, 1337, '2022-12-30 06:43:15', '2022-12-30 06:43:15'),
(183, 2, 25, 1337, '2022-12-30 06:43:15', '2022-12-30 06:43:15'),
(184, 3, 25, 1337, '2022-12-30 06:43:15', '2022-12-30 06:43:15'),
(185, 4, NULL, 1338, '2022-12-30 06:43:15', '2022-12-30 06:43:15'),
(186, 1, 25, 1339, '2022-12-30 06:43:19', '2022-12-30 06:43:19'),
(187, 2, 25, 1339, '2022-12-30 06:43:19', '2022-12-30 06:43:19'),
(188, 3, 215, 1339, '2022-12-30 06:43:19', '2022-12-30 06:43:19'),
(189, 4, 255, 1339, '2022-12-30 06:43:19', '2022-12-30 06:43:19'),
(190, 6, NULL, 1340, '2022-12-30 06:43:19', '2022-12-30 06:43:19'),
(191, 5, NULL, 1340, '2022-12-30 06:43:19', '2022-12-30 06:43:19'),
(192, 1, 55, 1341, '2022-12-30 06:43:24', '2022-12-30 06:43:24'),
(193, 2, 255, 1341, '2022-12-30 06:43:24', '2022-12-30 06:43:24'),
(194, 4, NULL, 1342, '2022-12-30 06:43:24', '2022-12-30 06:43:24'),
(195, 3, NULL, 1342, '2022-12-30 06:43:24', '2022-12-30 06:43:24'),
(196, 1, 25, 1343, '2022-12-30 06:43:34', '2022-12-30 06:43:34'),
(197, 2, 25, 1343, '2022-12-30 06:43:34', '2022-12-30 06:43:34'),
(198, 3, 215, 1343, '2022-12-30 06:43:34', '2022-12-30 06:43:34'),
(199, 4, 535, 1343, '2022-12-30 06:43:34', '2022-12-30 06:43:34'),
(200, 1, 20, 1344, '2022-12-30 07:12:23', '2022-12-30 07:12:23'),
(201, 2, 3, 1344, '2022-12-30 07:12:23', '2022-12-30 07:12:23'),
(202, 1, 25, 1345, '2022-12-30 08:00:51', '2022-12-30 08:00:51'),
(203, 2, 22, 1345, '2022-12-30 08:00:51', '2022-12-30 08:00:51'),
(204, 3, 25, 1345, '2022-12-30 08:00:51', '2022-12-30 08:00:51'),
(205, 4, 26, 1345, '2022-12-30 08:00:51', '2022-12-30 08:00:51'),
(206, 1, 25, 1346, '2022-12-30 08:00:54', '2022-12-30 08:00:54'),
(207, 2, 22, 1346, '2022-12-30 08:00:54', '2022-12-30 08:00:54'),
(208, 3, 25, 1346, '2022-12-30 08:00:54', '2022-12-30 08:00:54'),
(209, 4, NULL, 1347, '2022-12-30 08:00:54', '2022-12-30 08:00:54'),
(210, 1, 25, 1358, '2022-12-30 08:18:47', '2022-12-30 08:18:47'),
(211, 3, NULL, 1359, '2022-12-30 08:18:47', '2022-12-30 08:18:47'),
(212, 2, NULL, 1359, '2022-12-30 08:18:47', '2022-12-30 08:18:47'),
(213, 1, 20, 1360, '2022-12-30 08:18:54', '2022-12-30 08:18:54'),
(214, 1, 20, 1361, '2022-12-30 08:18:58', '2022-12-30 08:18:58'),
(215, 1, 20, 1362, '2022-12-30 08:19:13', '2022-12-30 08:19:13'),
(216, 2, NULL, 1363, '2022-12-30 08:19:13', '2022-12-30 08:19:13'),
(217, 1, 20, 1364, '2022-12-30 08:19:17', '2022-12-30 08:19:17'),
(218, 2, 3, 1364, '2022-12-30 08:19:17', '2022-12-30 08:19:17'),
(219, 1, 25, 1365, '2022-12-30 08:19:29', '2022-12-30 08:19:29'),
(220, 2, 22, 1365, '2022-12-30 08:19:29', '2022-12-30 08:19:29'),
(221, 1, 25, 1366, '2022-12-30 08:20:08', '2022-12-30 08:20:08'),
(222, 2, 22, 1366, '2022-12-30 08:20:08', '2022-12-30 08:20:08'),
(223, 3, 22, 1366, '2022-12-30 08:20:08', '2022-12-30 08:20:08'),
(224, 1, 25, 1371, '2022-12-30 08:31:33', '2022-12-30 08:31:33'),
(225, 2, 22, 1371, '2022-12-30 08:31:33', '2022-12-30 08:31:33'),
(226, 3, 22, 1371, '2022-12-30 08:31:33', '2022-12-30 08:31:33'),
(227, 4, 223, 1371, '2022-12-30 08:31:33', '2022-12-30 08:31:33'),
(228, 1, 25, 1372, '2022-12-30 08:31:37', '2022-12-30 08:31:37'),
(229, 2, 22, 1372, '2022-12-30 08:31:37', '2022-12-30 08:31:37'),
(230, 4, NULL, 1373, '2022-12-30 08:31:37', '2022-12-30 08:31:37'),
(231, 3, NULL, 1373, '2022-12-30 08:31:37', '2022-12-30 08:31:37'),
(232, 1, 20, 1374, '2022-12-30 08:41:51', '2022-12-30 08:41:51'),
(233, 2, 13, 1374, '2022-12-30 08:41:51', '2022-12-30 08:41:51');

-- --------------------------------------------------------

--
-- Table structure for table `adjustment`
--

CREATE TABLE `adjustment` (
  `id` int(11) NOT NULL,
  `SKU` varchar(255) DEFAULT NULL,
  `Location` varchar(255) DEFAULT NULL,
  `current_quantity` int(11) DEFAULT NULL,
  `quantity_update` int(11) DEFAULT NULL,
  `created_at` datetime DEFAULT NULL,
  `updated_at` datetime DEFAULT NULL
) ENGINE=InnoDB DEFAULT CHARSET=utf8mb4;

--
-- Dumping data for table `adjustment`
--

INSERT INTO `adjustment` (`id`, `SKU`, `Location`, `current_quantity`, `quantity_update`, `created_at`, `updated_at`) VALUES
(12, '002-07-P', '01A', 660, 10, '2022-12-22 07:57:15', '2022-12-22 07:57:15');

-- --------------------------------------------------------

--
-- Table structure for table `inventory_count`
--

CREATE TABLE `inventory_count` (
  `id` int(11) NOT NULL,
  `SKU` varchar(255) DEFAULT NULL,
  `QBQty` int(11) DEFAULT NULL,
  `Qty_from_app` int(11) DEFAULT NULL,
  `Counted_Qty` int(11) DEFAULT NULL,
  `created_at` datetime DEFAULT NULL,
  `updated_at` datetime DEFAULT NULL,
  `workListId` int(11) DEFAULT NULL
) ENGINE=InnoDB DEFAULT CHARSET=utf8mb4;

--
-- Dumping data for table `inventory_count`
--

INSERT INTO `inventory_count` (`id`, `SKU`, `QBQty`, `Qty_from_app`, `Counted_Qty`, `created_at`, `updated_at`, `workListId`) VALUES
(52, '002-07-P', 2400, 1185, 1185, '2022-12-29 10:12:51', '2022-12-29 10:12:51', 793),
(53, 'ABP0T15', 1845, 960, 960, '2022-12-29 10:12:51', '2022-12-29 10:12:51', 793),
(54, 'ANC-CAP-C', 668, 668, 668, '2022-12-29 10:12:51', '2022-12-29 10:12:51', 793),
(55, 'ANC-OAK-C', 1968, 2058, 2058, '2022-12-29 10:12:51', '2022-12-29 10:12:51', 793),
(56, 'ANC-CAP-LC', 802, 80, 80, '2022-12-29 10:12:51', '2022-12-29 10:12:51', 794),
(57, 'AVC-BLK-LC', 1221, 1221, NULL, '2022-12-29 10:12:51', '2022-12-29 10:12:51', NULL);

-- --------------------------------------------------------

--
-- Table structure for table `inventory_pallet`
--

CREATE TABLE `inventory_pallet` (
  `id` int(11) NOT NULL,
  `pallet_number` int(11) DEFAULT NULL,
  `work_list_detail_id` int(11) DEFAULT NULL,
  `work_list_id` int(11) DEFAULT NULL,
  `quantity` int(11) DEFAULT NULL,
  `created_at` datetime DEFAULT NULL,
  `updated_at` datetime DEFAULT NULL,
  `sku` varchar(255) DEFAULT NULL,
  `inventory_scan_id` int(11) DEFAULT NULL
) ENGINE=InnoDB DEFAULT CHARSET=utf8mb4;

--
-- Dumping data for table `inventory_pallet`
--

INSERT INTO `inventory_pallet` (`id`, `pallet_number`, `work_list_detail_id`, `work_list_id`, `quantity`, `created_at`, `updated_at`, `sku`, `inventory_scan_id`) VALUES
(149, 1, 1296, 794, 20, '2022-12-29 11:18:19', '2022-12-30 08:41:51', 'ANC-CAP-LC', 75),
(151, 1, 1296, 794, 25, '2022-12-29 11:19:30', '2022-12-30 08:31:37', 'ANC-CAP-LC', 76),
(155, 1, 1292, 793, 25, '2022-12-30 03:33:52', '2022-12-30 06:43:15', '002-07-P', 71),
(156, 2, 1292, 793, 25, '2022-12-30 03:33:52', '2022-12-30 06:43:15', '002-07-P', 71),
(157, 3, 1292, 793, 25, '2022-12-30 03:33:52', '2022-12-30 06:43:15', '002-07-P', 71),
(160, 1, 1292, 793, 55, '2022-12-30 03:34:26', '2022-12-30 06:43:24', '002-07-P', 78),
(161, 2, 1292, 793, 255, '2022-12-30 03:34:26', '2022-12-30 06:43:24', '002-07-P', 78),
(165, 1, 1293, 793, 200, '2022-12-30 03:37:12', '2022-12-30 03:37:51', 'ABP0T15', 80),
(166, 2, 1293, 793, 200, '2022-12-30 03:37:12', '2022-12-30 03:37:51', 'ABP0T15', 80),
(169, 3, 1293, 793, 255, '2022-12-30 03:37:46', '2022-12-30 03:37:51', 'ABP0T15', 80),
(170, 4, 1293, 793, 255, '2022-12-30 03:37:46', '2022-12-30 03:37:51', 'ABP0T15', 80),
(172, 1, 1295, 793, 200, '2022-12-30 03:38:20', '2022-12-30 03:38:20', 'ANC-OAK-C', 81),
(173, 2, 1295, 793, 200, '2022-12-30 03:38:20', '2022-12-30 03:38:20', 'ANC-OAK-C', 81),
(174, 3, 1295, 793, 200, '2022-12-30 03:38:20', '2022-12-30 03:38:20', 'ANC-OAK-C', 81),
(175, 4, 1295, 793, 56, '2022-12-30 03:38:20', '2022-12-30 03:38:20', 'ANC-OAK-C', 81),
(176, 2, 1294, 793, 100, '2022-12-30 03:38:38', '2022-12-30 03:38:38', 'ANC-CAP-C', 82),
(177, 3, 1294, 793, 100, '2022-12-30 03:38:38', '2022-12-30 03:38:38', 'ANC-CAP-C', 82),
(178, 4, 1294, 793, 100, '2022-12-30 03:38:38', '2022-12-30 03:38:38', 'ANC-CAP-C', 82),
(179, 5, 1294, 793, 34, '2022-12-30 03:38:38', '2022-12-30 03:38:38', 'ANC-CAP-C', 82),
(195, 1, 1295, 793, 25, '2022-12-30 04:19:27', '2022-12-30 04:19:34', 'ANC-OAK-C', 83),
(196, 2, 1295, 793, 55, '2022-12-30 04:19:31', '2022-12-30 04:19:34', 'ANC-OAK-C', 83),
(197, 3, 1295, 793, 666, '2022-12-30 04:19:34', '2022-12-30 04:19:34', 'ANC-OAK-C', 83),
(199, 1, 1293, 793, 25, '2022-12-30 04:22:29', '2022-12-30 04:22:29', 'ABP0T15', 84),
(200, 1, 1293, 793, 25, '2022-12-30 04:48:18', '2022-12-30 04:48:18', 'ABP0T15', 85),
(201, 1, 1292, 793, 25, '2022-12-30 04:48:27', '2022-12-30 06:43:34', '002-07-P', 86),
(202, 2, 1292, 793, 25, '2022-12-30 04:48:27', '2022-12-30 06:43:34', '002-07-P', 86),
(203, 3, 1292, 793, 215, '2022-12-30 04:48:27', '2022-12-30 06:43:34', '002-07-P', 86),
(204, 4, 1292, 793, 535, '2022-12-30 04:48:27', '2022-12-30 06:43:34', '002-07-P', 86),
(210, 2, 1296, 794, 13, '2022-12-30 08:19:17', '2022-12-30 08:41:51', 'ANC-CAP-LC', 75),
(211, 2, 1296, 794, 22, '2022-12-30 08:19:29', '2022-12-30 08:31:37', 'ANC-CAP-LC', 76);

-- --------------------------------------------------------

--
-- Table structure for table `inventory_scan`
--

CREATE TABLE `inventory_scan` (
  `id` int(11) NOT NULL,
  `work_list_id` int(11) DEFAULT NULL,
  `SKU` varchar(255) DEFAULT NULL,
  `location` varchar(255) DEFAULT NULL,
  `Quantity` int(11) DEFAULT NULL,
  `created_at` datetime DEFAULT NULL,
  `updated_at` datetime DEFAULT NULL,
  `userId` int(11) DEFAULT NULL,
  `status` varchar(255) DEFAULT NULL,
  `status_recount` varchar(255) DEFAULT NULL,
  `admin_id` int(11) DEFAULT NULL
) ENGINE=InnoDB DEFAULT CHARSET=utf8mb4;

--
-- Dumping data for table `inventory_scan`
--

INSERT INTO `inventory_scan` (`id`, `work_list_id`, `SKU`, `location`, `Quantity`, `created_at`, `updated_at`, `userId`, `status`, `status_recount`, `admin_id`) VALUES
(71, 793, '002-07-P', '01A ', 75, '2022-12-29 11:02:27', '2022-12-30 06:43:15', 43, 'working', NULL, NULL),
(75, 794, 'ANC-CAP-LC', '02F', 33, '2022-12-29 11:18:19', '2022-12-30 08:41:51', 41, 'working', NULL, NULL),
(76, 794, 'ANC-CAP-LC', '21J ', 47, '2022-12-29 11:19:30', '2022-12-30 08:31:37', 41, 'complete', NULL, NULL),
(78, 793, '002-07-P', '01B ', 310, '2022-12-29 11:22:48', '2022-12-30 06:43:24', 41, 'working', NULL, NULL),
(80, 793, 'ABP0T15', '01B ', 910, '2022-12-30 03:37:12', '2022-12-30 03:37:51', NULL, 'working', NULL, 1),
(81, 793, 'ANC-OAK-C', '01B', 656, '2022-12-30 03:38:20', '2022-12-30 03:38:20', NULL, 'complete', NULL, 1),
(82, 793, 'ANC-CAP-C', '02D', 334, '2022-12-30 03:38:38', '2022-12-30 03:38:38', NULL, 'complete', NULL, 1),
(83, 793, 'ANC-OAK-C', '22U ', 746, '2022-12-30 04:19:27', '2022-12-30 04:19:34', NULL, 'working', NULL, 1),
(84, 793, 'ABP0T15', '10C', 25, '2022-12-30 04:22:29', '2022-12-30 04:22:29', NULL, 'working', NULL, 1),
(85, 793, 'ABP0T15', '11B ', 25, '2022-12-30 04:48:18', '2022-12-30 04:48:18', NULL, 'working', NULL, 1),
(86, 793, '002-07-P', '10A', 800, '2022-12-30 04:48:27', '2022-12-30 06:43:34', NULL, 'complete', NULL, 1);

-- --------------------------------------------------------

--
-- Table structure for table `location_list_managerment`
--

CREATE TABLE `location_list_managerment` (
  `id` int(11) NOT NULL,
  `SKU` varchar(255) DEFAULT NULL,
  `Quantity` int(11) DEFAULT NULL,
  `location_managerment_id` int(11) DEFAULT NULL,
  `created_at` datetime DEFAULT NULL,
  `updated_at` datetime DEFAULT NULL,
  `Loc_Barcode` varchar(255) DEFAULT NULL,
  `product_managerment_id` int(11) DEFAULT NULL,
  `UPC` varchar(255) DEFAULT NULL
) ENGINE=InnoDB DEFAULT CHARSET=utf8mb4;

-- --------------------------------------------------------

--
-- Table structure for table `location_managermenrt`
--

CREATE TABLE `location_managermenrt` (
  `id` int(11) NOT NULL,
  `Loc_Barcodes` varchar(255) DEFAULT NULL,
  `Position` varchar(255) DEFAULT NULL,
  `created_at` datetime DEFAULT NULL,
  `updated_at` datetime DEFAULT NULL,
  `limit_size` int(11) DEFAULT NULL
) ENGINE=InnoDB DEFAULT CHARSET=utf8mb4;

--
-- Dumping data for table `location_managermenrt`
--

INSERT INTO `location_managermenrt` (`id`, `Loc_Barcodes`, `Position`, `created_at`, `updated_at`, `limit_size`) VALUES
(396, '01A ', NULL, '2022-12-29 10:12:35', '2022-12-29 10:12:35', NULL),
(397, '01B ', NULL, '2022-12-29 10:12:35', '2022-12-29 10:12:35', NULL),
(398, '10A', NULL, '2022-12-29 10:12:35', '2022-12-29 10:12:35', NULL),
(399, '11B ', NULL, '2022-12-29 10:12:35', '2022-12-29 10:12:35', NULL),
(400, '10C', NULL, '2022-12-29 10:12:35', '2022-12-29 10:12:35', NULL),
(401, '02E ', NULL, '2022-12-29 10:12:35', '2022-12-29 10:12:35', NULL),
(402, '02D', NULL, '2022-12-29 10:12:35', '2022-12-29 10:12:35', NULL),
(403, '21J ', NULL, '2022-12-29 10:12:35', '2022-12-29 10:12:35', NULL),
(404, '02F', NULL, '2022-12-29 10:12:35', '2022-12-29 10:12:35', NULL),
(405, '22U ', NULL, '2022-12-29 10:12:35', '2022-12-29 10:12:35', NULL),
(406, '24I ', NULL, '2022-12-29 10:12:35', '2022-12-29 10:12:35', NULL),
(407, 'A01 ', NULL, '2022-12-29 10:12:35', '2022-12-29 10:12:35', NULL),
(408, 'E10 ', NULL, '2022-12-29 10:12:35', '2022-12-29 10:12:35', NULL),
(409, 'B02', NULL, '2022-12-29 10:12:35', '2022-12-29 10:12:35', NULL),
(410, 'A10 ', NULL, '2022-12-29 10:12:35', '2022-12-29 10:12:35', NULL),
(411, 'H36', NULL, '2022-12-29 10:12:35', '2022-12-29 10:12:35', NULL),
(412, 'F18', NULL, '2022-12-29 10:12:35', '2022-12-29 10:12:35', NULL),
(413, 'B12 ', NULL, '2022-12-29 10:12:35', '2022-12-29 10:12:35', NULL),
(414, 'S08 ', NULL, '2022-12-29 10:12:36', '2022-12-29 10:12:36', NULL),
(415, 'M06', NULL, '2022-12-29 10:12:36', '2022-12-29 10:12:36', NULL),
(416, 'E17', NULL, '2022-12-29 10:12:36', '2022-12-29 10:12:36', NULL),
(417, 'G22', NULL, '2022-12-29 10:12:36', '2022-12-29 10:12:36', NULL),
(418, 'O12', NULL, '2022-12-29 10:12:36', '2022-12-29 10:12:36', NULL),
(419, 'D02', NULL, '2022-12-29 10:12:36', '2022-12-29 10:12:36', NULL),
(420, 'N06', NULL, '2022-12-29 10:12:36', '2022-12-29 10:12:36', NULL);

-- --------------------------------------------------------

--
-- Table structure for table `product_location`
--

CREATE TABLE `product_location` (
  `id` int(11) NOT NULL,
  `SKU_product` varchar(255) DEFAULT NULL,
  `Loc_Barcodes` varchar(255) DEFAULT NULL,
  `Quantity` int(11) DEFAULT NULL,
  `Position` varchar(255) DEFAULT NULL,
  `product_transfer_id` int(11) DEFAULT NULL,
  `Quantity_Transfer` int(11) DEFAULT NULL,
  `transfer_id` int(11) DEFAULT NULL,
  `created_at` datetime DEFAULT NULL,
  `updated_at` datetime DEFAULT NULL,
  `UPC` varchar(255) DEFAULT NULL,
  `product_managerment_id` int(11) DEFAULT NULL,
  `product_name` varchar(255) DEFAULT NULL,
  `location_managerment_id` int(11) DEFAULT NULL,
  `product_location_type` varchar(255) DEFAULT NULL,
  `status` varchar(255) DEFAULT NULL
) ENGINE=InnoDB DEFAULT CHARSET=utf8mb4;

--
-- Dumping data for table `product_location`
--

INSERT INTO `product_location` (`id`, `SKU_product`, `Loc_Barcodes`, `Quantity`, `Position`, `product_transfer_id`, `Quantity_Transfer`, `transfer_id`, `created_at`, `updated_at`, `UPC`, `product_managerment_id`, `product_name`, `location_managerment_id`, `product_location_type`, `status`) VALUES
(2107, '002-07-P', '01A ', 800, NULL, NULL, NULL, NULL, '2023-01-03 09:44:57', '2023-01-03 09:44:57', NULL, 3593, '002-07-P Table Pedestal in Dis...', 396, NULL, NULL),
(2108, '002-07-P', '01B ', 800, NULL, NULL, NULL, NULL, '2023-01-03 09:44:57', '2023-01-03 09:44:57', NULL, 3593, '002-07-P Table Pedestal in Dis...', 397, NULL, NULL),
(2109, '002-07-P', '10A', 800, NULL, NULL, NULL, NULL, '2023-01-03 09:44:57', '2023-01-03 09:44:57', NULL, 3593, '002-07-P Table Pedestal in Dis...', 398, NULL, NULL),
(2110, 'ABP0T15', '11B ', 615, NULL, NULL, NULL, NULL, '2023-01-03 09:44:57', '2023-01-03 09:44:57', NULL, 3594, 'Abbott Parson Chair with Linen...', 399, NULL, NULL),
(2111, 'ABP0T15', '01B ', 615, NULL, NULL, NULL, NULL, '2023-01-03 09:44:57', '2023-01-03 09:44:57', NULL, 3594, 'Abbott Parson Chair with Linen...', 397, NULL, NULL),
(2112, 'ABP0T15', '10C', 615, NULL, NULL, NULL, NULL, '2023-01-03 09:44:57', '2023-01-03 09:44:57', NULL, 3594, 'Abbott Parson Chair with Linen...', 400, NULL, NULL),
(2113, 'ANC-CAP-C', '02E ', 334, NULL, NULL, NULL, NULL, '2023-01-03 09:44:57', '2023-01-03 09:44:57', NULL, 3595, 'Antique Chair with Linen Fabri...', 401, NULL, NULL),
(2114, 'ANC-CAP-C', '02D', 334, NULL, NULL, NULL, NULL, '2023-01-03 09:44:57', '2023-01-03 09:44:57', NULL, 3595, 'Antique Chair with Linen Fabri...', 402, NULL, NULL),
(2115, 'ANC-CAP-LC', '21J ', 401, NULL, NULL, NULL, NULL, '2023-01-03 09:44:57', '2023-01-03 09:44:57', NULL, 3596, 'Antique Chair with Faux Leathe...', 403, NULL, NULL),
(2116, 'ANC-CAP-LC', '02F', 401, NULL, NULL, NULL, NULL, '2023-01-03 09:44:57', '2023-01-03 09:44:57', NULL, 3596, 'Antique Chair with Faux Leathe...', 404, NULL, NULL),
(2117, 'ANC-OAK-C', '22U ', 656, NULL, NULL, NULL, NULL, '2023-01-03 09:44:57', '2023-01-03 09:44:57', NULL, 3597, 'Antique Chair with Linen Fabri...', 405, NULL, NULL),
(2118, 'ANC-OAK-C', '02E ', 656, NULL, NULL, NULL, NULL, '2023-01-03 09:44:57', '2023-01-03 09:44:57', NULL, 3597, 'Antique Chair with Linen Fabri...', 401, NULL, NULL),
(2119, 'ANC-OAK-C', '01B', 656, NULL, NULL, NULL, NULL, '2023-01-03 09:44:57', '2023-01-03 09:44:57', NULL, 3597, 'Antique Chair with Linen Fabri...', 397, NULL, NULL),
(2120, 'AVC-BLK-LC', '24I ', 407, NULL, NULL, NULL, NULL, '2023-01-03 09:44:57', '2023-01-03 09:44:57', NULL, 3598, 'Avon Chair with Faux Leather S...', 406, NULL, NULL),
(2121, 'AVC-BLK-LC', 'A01 ', 407, NULL, NULL, NULL, NULL, '2023-01-03 09:44:57', '2023-01-03 09:44:57', NULL, 3598, 'Avon Chair with Faux Leather S...', 407, NULL, NULL),
(2122, 'AVC-BLK-LC', '10C', 407, NULL, NULL, NULL, NULL, '2023-01-03 09:44:57', '2023-01-03 09:44:57', NULL, 3598, 'Avon Chair with Faux Leather S...', 400, NULL, NULL),
(2123, 'AVC-OAK-C', 'E10 ', 668, NULL, NULL, NULL, NULL, '2023-01-03 09:44:57', '2023-01-03 09:44:57', NULL, 3599, 'Avon Chair with Linen Fabric S...', 408, NULL, NULL),
(2124, 'AVC-OAK-C', 'B02', 668, NULL, NULL, NULL, NULL, '2023-01-03 09:44:57', '2023-01-03 09:44:57', NULL, 3599, 'Avon Chair with Linen Fabric S...', 409, NULL, NULL),
(2125, 'AVC-SBR-C', 'A10 ', 635, NULL, NULL, NULL, NULL, '2023-01-03 09:44:57', '2023-01-03 09:44:57', NULL, 3600, 'Avon Chair with Linen Fabric S...', 410, NULL, NULL),
(2126, 'AVC-SBR-C', 'H36', 635, NULL, NULL, NULL, NULL, '2023-01-03 09:44:57', '2023-01-03 09:44:57', NULL, 3600, 'Avon Chair with Linen Fabric S...', 411, NULL, NULL),
(2127, 'AVC-SBR-LC', 'F18', 499, NULL, NULL, NULL, NULL, '2023-01-03 09:44:57', '2023-01-03 09:44:57', NULL, 3601, 'Avon Chair with Faux Leather S...', 412, NULL, NULL),
(2128, 'AVT-OAK-P', 'B12 ', 551, NULL, NULL, NULL, NULL, '2023-01-03 09:44:57', '2023-01-03 09:44:57', NULL, 3602, 'Avon Table Pedestal in Oak Fin...', 413, NULL, NULL),
(2129, 'AVT-OAK-P', '02D ', 551, NULL, NULL, NULL, NULL, '2023-01-03 09:44:57', '2023-01-03 09:44:57', NULL, 3602, 'Avon Table Pedestal in Oak Fin...', 402, NULL, NULL),
(2130, 'AVT-OAK-P', '10A', 551, NULL, NULL, NULL, NULL, '2023-01-03 09:44:57', '2023-01-03 09:44:57', NULL, 3602, 'Avon Table Pedestal in Oak Fin...', 398, NULL, NULL),
(2131, 'AVT-SBR-P', 'S08 ', 724, NULL, NULL, NULL, NULL, '2023-01-03 09:44:57', '2023-01-03 09:44:57', NULL, 3603, 'Avon Table Pedestal in Saddle ...', 414, NULL, NULL),
(2132, 'AVT-SBR-P', '01B', 724, NULL, NULL, NULL, NULL, '2023-01-03 09:44:57', '2023-01-03 09:44:57', NULL, 3603, 'Avon Table Pedestal in Saddle ...', 397, NULL, NULL),
(2133, 'BKLC102A', 'M06', 420, NULL, NULL, NULL, NULL, '2023-01-03 09:44:57', '2023-01-03 09:44:57', NULL, 3604, 'Bork Patio Chair With Cushion,...', 415, NULL, NULL),
(2134, 'BKLC103A', 'B12', 200, NULL, NULL, NULL, NULL, '2023-01-03 09:44:57', '2023-01-03 09:44:57', NULL, 3605, 'Bork Patio Chair With Cushion,...', 413, NULL, NULL),
(2135, 'BOC-CAP-C', 'E17', 400, NULL, NULL, NULL, NULL, '2023-01-03 09:44:57', '2023-01-03 09:44:57', NULL, 3606, 'Boston X-Back Chair with Linen...', 416, NULL, NULL),
(2136, 'BOC-CAP-LC', 'G22', 300, NULL, NULL, NULL, NULL, '2023-01-03 09:44:57', '2023-01-03 09:44:57', NULL, 3607, 'Boston X-Back Chair with Faux ...', 417, NULL, NULL),
(2137, 'BRP3T18', 'O12', 250, NULL, NULL, NULL, NULL, '2023-01-03 09:44:57', '2023-01-03 09:44:57', NULL, 3608, 'Bremond Parson Chair With Maho...', 418, NULL, NULL),
(2138, 'BUTLBLK', '21J', 350, NULL, NULL, NULL, NULL, '2023-01-03 09:44:57', '2023-01-03 09:44:57', NULL, 3609, 'Buckland Twin Loft Bed in powd...', 403, NULL, NULL),
(2139, 'BUTLWHI', 'D02', 213, NULL, NULL, NULL, NULL, '2023-01-03 09:44:57', '2023-01-03 09:44:57', NULL, 3610, 'Buckland Twin Loft Bed in powd...', 419, NULL, NULL),
(2140, 'CAC-CAP-C', 'E17', 142, NULL, NULL, NULL, NULL, '2023-01-03 09:44:57', '2023-01-03 09:44:57', NULL, 3611, 'Capri Slatted Back Chair with ...', 416, NULL, NULL),
(2141, 'CAC-CAP-LC', 'N06', 1512, NULL, NULL, NULL, NULL, '2023-01-03 09:44:57', '2023-01-03 09:44:57', NULL, 3612, 'Capri Slatted Back Chair with ...', 420, NULL, NULL),
(2142, 'CAC-MAH-LC', '02D', 455, NULL, NULL, NULL, NULL, '2023-01-03 09:44:57', '2023-01-03 09:44:57', NULL, 3613, 'Capri Slatted Back Chair with ...', 402, NULL, NULL),
(2143, 'CHT-MAH-L', '22U', 651, NULL, NULL, NULL, NULL, '2023-01-03 09:44:57', '2023-01-03 09:44:57', NULL, 3614, 'Chelsea Counter Height Table L...', 405, NULL, NULL),
(2144, 'CHT-MAH-T', 'B02', 312, NULL, NULL, NULL, NULL, '2023-01-03 09:44:57', '2023-01-03 09:44:57', NULL, 3615, 'Chelsea Counter Height Table 5...', 409, NULL, NULL);

-- --------------------------------------------------------

--
-- Table structure for table `product_managerment`
--

CREATE TABLE `product_managerment` (
  `id` int(11) NOT NULL,
  `SKU_product` varchar(255) DEFAULT NULL,
  `Product_Name` varchar(255) DEFAULT NULL,
  `Image_URL` text DEFAULT NULL,
  `created_at` datetime DEFAULT NULL,
  `updated_at` datetime DEFAULT NULL,
  `UPC` varchar(255) DEFAULT NULL,
  `workListDetailId` int(11) DEFAULT NULL,
  `image_type` varchar(255) DEFAULT NULL,
  `isDeleted` int(11) NOT NULL
) ENGINE=InnoDB DEFAULT CHARSET=utf8mb4;

--
-- Dumping data for table `product_managerment`
--

INSERT INTO `product_managerment` (`id`, `SKU_product`, `Product_Name`, `Image_URL`, `created_at`, `updated_at`, `UPC`, `workListDetailId`, `image_type`, `isDeleted`) VALUES
(3593, '002-07-P', '002-07-P Table Pedestal in Dis...', 'cdn.eastwestfurniture.net/DTA/IR2-07-TP.jpg', '2023-01-03 09:44:57', '2023-01-03 09:44:57', NULL, NULL, 'link', 1),
(3594, 'ABP0T15', 'Abbott Parson Chair with Linen...', 'http://cdn.eastwestfurniture.net/DCH/ABP0T15.jpg', '2023-01-03 09:44:57', '2023-01-03 09:44:57', NULL, NULL, 'link', 0),
(3595, 'ANC-CAP-C', 'Antique Chair with Linen Fabri...', 'http://cdn.eastwestfurniture.net/DCH/ANC-CAP-C.jpg', '2023-01-03 09:44:57', '2023-01-03 09:44:57', NULL, NULL, 'link', 0),
(3596, 'ANC-CAP-LC', 'Antique Chair with Faux Leathe...', 'http://cdn.eastwestfurniture.net/DCH/ANC-CAP-LC.jpg', '2023-01-03 09:44:57', '2023-01-03 09:44:57', NULL, NULL, 'link', 0),
(3597, 'ANC-OAK-C', 'Antique Chair with Linen Fabri...', 'http://cdn.eastwestfurniture.net/DCH/ANC-OAK-C.jpg', '2023-01-03 09:44:57', '2023-01-03 09:44:57', NULL, NULL, 'link', 0),
(3598, 'AVC-BLK-LC', 'Avon Chair with Faux Leather S...', 'http://cdn.eastwestfurniture.net/DCH/AVC-BLK-LC.jpg', '2023-01-03 09:44:57', '2023-01-03 09:44:57', NULL, NULL, 'link', 0),
(3599, 'AVC-OAK-C', 'Avon Chair with Linen Fabric S...', 'http://cdn.eastwestfurniture.net/DCH/AVC-OAK-C.jpg', '2023-01-03 09:44:57', '2023-01-03 09:44:57', NULL, NULL, 'link', 0),
(3600, 'AVC-SBR-C', 'Avon Chair with Linen Fabric S...', 'http://cdn.eastwestfurniture.net/DCH/AVC-SBR-C.jpg', '2023-01-03 09:44:57', '2023-01-03 09:44:57', NULL, NULL, 'link', 0),
(3601, 'AVC-SBR-LC', 'Avon Chair with Faux Leather S...', 'http://cdn.eastwestfurniture.net/DCH/AVC-SBR-LC.jpg', '2023-01-03 09:44:57', '2023-01-03 09:44:57', NULL, NULL, 'link', 0),
(3602, 'AVT-OAK-P', 'Avon Table Pedestal in Oak Fin...', 'cdn.eastwestfurniture.net/DTA/AVT-OAK-TP.jpg', '2023-01-03 09:44:57', '2023-01-03 09:44:57', NULL, NULL, 'link', 0),
(3603, 'AVT-SBR-P', 'Avon Table Pedestal in Saddle ...', 'cdn.eastwestfurniture.net/DTA/AVT-SBR-TP_1.jpg', '2023-01-03 09:44:57', '2023-01-03 09:44:57', NULL, NULL, 'link', 0),
(3604, 'BKLC102A', 'Bork Patio Chair With Cushion,...', 'http://cdn.eastwestfurniture.net/CGI/BKLC102A.jpg', '2023-01-03 09:44:57', '2023-01-03 09:44:57', NULL, NULL, 'link', 0),
(3605, 'BKLC103A', 'Bork Patio Chair With Cushion,...', 'http://cdn.eastwestfurniture.net/CGI/BKLC103A.jpg', '2023-01-03 09:44:57', '2023-01-03 09:44:57', NULL, NULL, 'link', 0),
(3606, 'BOC-CAP-C', 'Boston X-Back Chair with Linen...', 'http://cdn.eastwestfurniture.net/DCH/BOC-CAP-C.jpg', '2023-01-03 09:44:57', '2023-01-03 09:44:57', NULL, NULL, 'link', 0),
(3607, 'BOC-CAP-LC', 'Boston X-Back Chair with Faux ...', 'http://cdn.eastwestfurniture.net/DCH/BOC-CAP-LC.jpg', '2023-01-03 09:44:57', '2023-01-03 09:44:57', NULL, NULL, 'link', 0),
(3608, 'BRP3T18', 'Bremond Parson Chair With Maho...', 'http://cdn.eastwestfurniture.net/DCH/BRP3T18.jpg', '2023-01-03 09:44:57', '2023-01-03 09:44:57', NULL, NULL, 'link', 0),
(3609, 'BUTLBLK', 'Buckland Twin Loft Bed in powd...', 'http://cdn.eastwestfurniture.net/BRM/BUTLBLK_1.jpg', '2023-01-03 09:44:57', '2023-01-03 09:44:57', NULL, NULL, 'link', 0),
(3610, 'BUTLWHI', 'Buckland Twin Loft Bed in powd...', 'http://cdn.eastwestfurniture.net/BRM/BUTLWHI_1.jpg', '2023-01-03 09:44:57', '2023-01-03 09:44:57', NULL, NULL, 'link', 0),
(3611, 'CAC-CAP-C', 'Capri Slatted Back Chair with ...', 'http://cdn.eastwestfurniture.net/DCH/CAC-CAP-C.jpg', '2023-01-03 09:44:57', '2023-01-03 09:44:57', NULL, NULL, 'link', 0),
(3612, 'CAC-CAP-LC', 'Capri Slatted Back Chair with ...', 'http://cdn.eastwestfurniture.net/DCH/CAC-CAP-LC.jpg', '2023-01-03 09:44:57', '2023-01-03 09:44:57', NULL, NULL, 'link', 0),
(3613, 'CAC-MAH-LC', 'Capri Slatted Back Chair with ...', 'http://cdn.eastwestfurniture.net/DCH/CAC-MAH-LC.jpg', '2023-01-03 09:44:57', '2023-01-03 09:44:57', NULL, NULL, 'link', 0),
(3614, 'CHT-MAH-L', 'Chelsea Counter Height Table L...', 'cdn.eastwestfurniture.net/DTA/CHT-MAH-T.jpg', '2023-01-03 09:44:57', '2023-01-03 09:44:57', NULL, NULL, 'link', 0),
(3615, 'CHT-MAH-T', 'Chelsea Counter Height Table 5...', 'http://cdn.eastwestfurniture.net/DTA/CHT-MAH-T.jpg', '2023-01-03 09:44:57', '2023-01-03 09:44:57', NULL, NULL, 'link', 0);

-- --------------------------------------------------------

--
-- Table structure for table `product_transfer`
--

CREATE TABLE `product_transfer` (
  `id` int(11) NOT NULL,
  `SKU_product` varchar(255) DEFAULT NULL,
  `Product_Name` varchar(255) DEFAULT NULL,
  `Quantity_Transfer` int(11) DEFAULT NULL,
  `From_Location_Barcodes` varchar(255) DEFAULT NULL,
  `To_Location_Barcodes` varchar(255) DEFAULT NULL,
  `Quantity_After_Transfer` int(11) DEFAULT NULL,
  `product_Id` int(11) DEFAULT NULL,
  `work_list_id` int(11) DEFAULT NULL,
  `created_at` datetime DEFAULT NULL,
  `updated_at` datetime DEFAULT NULL,
  `original_number` int(11) DEFAULT NULL
) ENGINE=InnoDB DEFAULT CHARSET=utf8mb4;

-- --------------------------------------------------------

--
-- Table structure for table `users`
--

CREATE TABLE `users` (
  `id` int(11) NOT NULL,
  `name` varchar(255) DEFAULT NULL,
  `email` varchar(255) DEFAULT NULL,
  `phone` int(20) DEFAULT NULL,
  `password` varchar(255) DEFAULT NULL,
  `profile_image` longtext DEFAULT NULL,
  `created_at` datetime DEFAULT NULL,
  `updated_at` datetime DEFAULT NULL,
  `isAdmin` int(11) NOT NULL,
  `isInvite` tinyint(4) NOT NULL,
  `last_login` datetime DEFAULT NULL,
  `last_active` datetime DEFAULT NULL,
  `reset_password_token` varchar(255) DEFAULT NULL
) ENGINE=InnoDB DEFAULT CHARSET=utf8mb4;

--
-- Dumping data for table `users`
--

INSERT INTO `users` (`id`, `name`, `email`, `phone`, `password`, `profile_image`, `created_at`, `updated_at`, `isAdmin`, `isInvite`, `last_login`, `last_active`, `reset_password_token`) VALUES
(1, 'Admin', 'admin@gmail.com', 123456789, '$2b$12$Keu0oUEA0GCupa6uNXZU/OCf.WfRDYRIJIn1QUh4gSfTqThDRnVB.', 'user/getFile/1670925086152-crown (2).png', '2022-10-14 04:08:30', '2022-10-14 04:08:30', 1, 0, '2023-01-03 03:51:28', '2022-12-12 10:37:32', ''),
(2, 'An', 'an@gmail.com', 123456789, '$2b$12$zRNY0l4uw99YGNotCacPPu6NWNpE778Gzre8YbpYWsXcEZwSIv6AW', '', '2022-10-14 05:53:08', '2022-10-14 05:53:08', 0, 0, '2022-10-17 03:40:52', NULL, '');

-- --------------------------------------------------------

--
-- Table structure for table `worker_managerment`
--

CREATE TABLE `worker_managerment` (
  `id` int(11) NOT NULL,
  `name` varchar(255) DEFAULT NULL,
  `email` varchar(255) DEFAULT NULL,
  `phone` varchar(255) DEFAULT NULL,
  `password` varchar(255) DEFAULT NULL,
  `created_at` datetime DEFAULT NULL,
  `updated_at` datetime DEFAULT NULL,
  `reset_password_token` varchar(255) DEFAULT NULL,
  `last_login` datetime DEFAULT NULL,
  `last_active` datetime DEFAULT NULL,
  `isInvite` tinyint(4) NOT NULL,
  `username` varchar(255) DEFAULT NULL,
  `status` int(11) NOT NULL,
  `delete_status` int(11) NOT NULL,
  `image` varchar(255) DEFAULT NULL,
  `token` varchar(255) DEFAULT NULL,
  `verify` int(6) DEFAULT NULL
) ENGINE=InnoDB DEFAULT CHARSET=utf8mb4;

--
-- Dumping data for table `worker_managerment`
--

INSERT INTO `worker_managerment` (`id`, `name`, `email`, `phone`, `password`, `created_at`, `updated_at`, `reset_password_token`, `last_login`, `last_active`, `isInvite`, `username`, `status`, `delete_status`, `image`, `token`, `verify`) VALUES
(23, 'Phat Worker 3', 'phat@gmail.com', '1234567892', '$2b$12$7h7VIaiZ3rQhO6fCWz31hOy7lIyw7jEZcX1043xSrDcD5RZL4P5uS', '2022-10-24 04:44:20', '2022-10-24 04:44:20', NULL, NULL, NULL, 0, 'Phat 223', 0, 1, NULL, NULL, NULL),
(24, 'An Worker', 'an@gmail.com', '1234567890', '$2b$12$iMJIDkKF9dtZ5gHqo5xYDO1ovYP7OL7hl.vJrJhUxqMDkMJKotFze', '2022-10-24 04:44:39', '2022-10-24 04:44:39', NULL, '2022-10-27 04:57:25', NULL, 0, 'antransayhi', 1, 0, NULL, NULL, NULL),
(25, 'Nguyen Van AB', 'nguyenab@gmail.com', '1234567890', '$2b$12$NItnJ/DpXMwqJS0Pec040e/X9wkoL7LUBlPhOsNE1ROkHetupw5g2', '2022-10-26 03:13:59', '2022-10-26 03:13:59', NULL, NULL, NULL, 0, 'AB21312312321', 0, 0, NULL, NULL, NULL),
(26, 'NguyenVan BC', 'nguyenbc@gmail.com', '1234567001', '$2b$12$Jtus3eqKehV6ksOjm9y3aO4sn64RiHzm6wYTgNldLnsQIVGhreWFu', '2022-10-26 03:13:59', '2022-10-26 03:13:59', NULL, NULL, NULL, 0, 'BC312312321312', 0, 0, NULL, NULL, NULL),
(39, 'Tran Thanh An', '', '', '$2b$12$eKSDv6LBinPDGIK8KV09te9RSPRl3wnTIFxO5gILeDrTCX5rrWcTi', '2022-10-27 04:38:05', '2022-10-27 04:38:05', 'kcT1UIze5L8X8iKzdxaeZKu95UVBA4NZ83MTvsq', NULL, NULL, 1, 'usernamesayhi2', 0, 0, NULL, NULL, NULL),
(41, 'Trn An', 'halv2311@gmail.com', '123123', '$2b$12$plQ7i1bQrhj3N5Uy8vlSBeNSaHY0GQOwPa8J/R5rfrGVj57zJ9vzC', '2022-10-27 04:39:07', '2022-10-27 04:39:07', 'IO4.NUBOW3LmS4X2AIiUtqnMBMyd7bPmUr9QdDG', '2022-12-30 11:15:38', NULL, 1, 'tanphat2013123', 1, 1, 'workerManagerment/getFile/1669783230925-blob', 'eyJhbGciOiJIUzI1NiJ9.eyJ1c2VybmFtZSI6IlRyw6LMgG4gQW4iLCJfaWQiOjQxLCJkYXRlIjoiMjAyMi0xMi0zMFQxMToxNTozOC40MjNaIn0.M8WW3cap_3H1HANx7CEVy8PgtJdv05KX3zM_pki52I4', 279499),
(42, 'Hien Nguyen', 'tydoll196@gmail.com', '7766130880', '123123', '2022-11-21 09:13:48', '2022-11-21 09:13:48', NULL, '2022-11-21 09:17:17', NULL, 1, 'tydoll196', 1, 0, NULL, NULL, NULL),
(43, 'hien nguyen', 'hien.ntt220896@gmail.com', '7766130880', '$2b$12$4Jh06IQwphdSafkoImgPeuE3P4DZZUnSF/D8js2fc3jaRxO3EVPVC', '2022-11-22 10:19:46', '2022-11-22 10:19:46', 'VbF90YXOEUW0d0SaaA9CukOTedAF9PbZRT7hu', '2022-12-30 08:54:40', NULL, 1, 'hien2208', 1, 0, 'workerManagerment/getFile/1669802180231-blob', '', NULL),
(44, 'Nguyn Th Thu Hin', 'motmetnam2208@gmail.com', '8776613088', '$2b$12$55cPACw7CKmkClgALgpHHO4JXqQz0PgXAV9.nGF/70b3ad0NoH8BO', '2022-12-30 09:43:34', '2022-12-30 09:43:34', NULL, NULL, NULL, 0, 'Gigi220896', 0, 0, NULL, NULL, NULL),
(45, 'Hien Nguyen', 'thanhantran21@gmail.com', '1234567890', '123123', '2022-12-30 09:47:59', '2022-12-30 09:47:59', 'Dv78ztFudyrzx5izQbBuCuVddxTTnnaIuVfj.W', NULL, NULL, 0, 'tydoll1996', 0, 0, NULL, NULL, 661317),
(46, 'Hien Nguyen', 'tydoll1996@gmail.com', '1776613088', '$2b$12$9fSdjEVzB7jUpYd2xEcCLOuECgm10SAFSijNwBeYw4Za7Qm6pgs1S', '2022-12-30 11:11:12', '2022-12-30 11:11:12', NULL, NULL, NULL, 0, 'tydoll196', 0, 0, NULL, NULL, NULL);

-- --------------------------------------------------------

--
-- Table structure for table `work_list`
--

CREATE TABLE `work_list` (
  `id` int(11) NOT NULL,
  `Type` varchar(255) DEFAULT NULL,
  `Date` datetime DEFAULT NULL,
  `Status` varchar(255) DEFAULT NULL,
  `created_at` datetime DEFAULT NULL,
  `updated_at` datetime DEFAULT NULL,
  `worker_managerment_id` int(11) DEFAULT NULL,
  `Container_Number` varchar(255) DEFAULT NULL,
  `SKU_pickingLTL` varchar(255) DEFAULT NULL,
  `Quantity_pickingLTL` int(11) DEFAULT NULL,
  `picking_type` varchar(255) DEFAULT NULL,
  `user` int(11) DEFAULT NULL,
  `Title_invent` varchar(255) DEFAULT NULL,
  `desc_invent` varchar(255) DEFAULT NULL
) ENGINE=InnoDB DEFAULT CHARSET=utf8mb4;

--
-- Dumping data for table `work_list`
--

INSERT INTO `work_list` (`id`, `Type`, `Date`, `Status`, `created_at`, `updated_at`, `worker_managerment_id`, `Container_Number`, `SKU_pickingLTL`, `Quantity_pickingLTL`, `picking_type`, `user`, `Title_invent`, `desc_invent`) VALUES
(782, 'Receiving', '2022-12-29 10:12:41', 'working', '2022-12-29 10:12:41', '2022-12-29 11:10:36', 1, 'MSKU0227075', NULL, NULL, NULL, NULL, NULL, NULL),
(783, 'Receiving', '2022-12-29 10:12:41', 'working', '2022-12-29 10:12:41', '2022-12-29 11:10:36', 1, 'MSKU0227076', NULL, NULL, NULL, NULL, NULL, NULL),
(784, 'Receiving', '2022-12-29 10:12:41', 'working', '2022-12-29 10:12:41', '2022-12-29 11:10:36', 1, 'MSKU0227077', NULL, NULL, NULL, NULL, NULL, NULL),
(785, 'Receiving', '2022-12-29 10:12:41', 'working', '2022-12-29 10:12:41', '2022-12-29 11:10:36', 1, 'MSKU0227078', NULL, NULL, NULL, NULL, NULL, NULL),
(786, 'Receiving', '2022-12-29 10:12:41', 'working', '2022-12-29 10:12:41', '2022-12-29 11:10:36', 1, 'MSKU0227079', NULL, NULL, NULL, NULL, NULL, NULL),
(787, 'Receiving', '2022-12-29 10:12:41', 'working', '2022-12-29 10:12:41', '2022-12-29 11:10:36', 1, 'MSKU0227080', NULL, NULL, NULL, NULL, NULL, NULL),
(788, 'Receiving', '2022-12-29 10:12:41', 'working', '2022-12-29 10:12:41', '2022-12-29 11:10:36', 1, 'MSKU0227081', NULL, NULL, NULL, NULL, NULL, NULL),
(789, 'Receiving', '2022-12-29 10:12:41', 'working', '2022-12-29 10:12:41', '2022-12-29 11:10:36', 1, 'MSKU0227082', NULL, NULL, NULL, NULL, NULL, NULL),
(790, 'Receiving', '2022-12-29 10:12:41', 'working', '2022-12-29 10:12:41', '2022-12-29 11:10:36', 1, 'MSKU0227083', NULL, NULL, NULL, NULL, NULL, NULL),
(791, 'Receiving', '2022-12-29 10:12:41', 'working', '2022-12-29 10:12:41', '2022-12-29 11:10:36', 1, 'MSKU0227084', NULL, NULL, NULL, NULL, NULL, NULL),
(792, 'Picking', '2022-12-29 10:12:45', 'working', '2022-12-29 10:12:45', '2022-12-29 10:22:39', 1, 'UPS1', NULL, NULL, 'picking_ground', NULL, NULL, NULL),
(793, 'Inventory_count', '2022-12-29 10:13:03', 'working', '2022-12-29 10:13:03', '2023-01-03 09:46:47', 1, NULL, NULL, NULL, NULL, NULL, 'New intentory test', 'Say hiSay hiSay hiSay hiSay hi'),
(794, 'Inventory_count', '2022-12-29 10:16:11', 'complete', '2022-12-29 10:16:11', '2023-01-03 09:46:47', 1, NULL, NULL, NULL, NULL, NULL, 'New inventory count rest 2', 'New inventory count rest 2 desc');

-- --------------------------------------------------------

--
-- Table structure for table `work_list_detail`
--

CREATE TABLE `work_list_detail` (
  `id` int(11) NOT NULL,
  `work_list_id` int(11) DEFAULT NULL,
  `SKU` varchar(255) DEFAULT NULL,
  `Quantity` int(11) DEFAULT NULL,
  `created_at` datetime DEFAULT NULL,
  `updated_at` datetime DEFAULT NULL,
  `location` varchar(255) DEFAULT NULL,
  `Container_Number` varchar(255) DEFAULT NULL,
  `quantity_transfer` int(11) DEFAULT NULL,
  `status` varchar(255) DEFAULT NULL,
  `fromLocation` varchar(255) DEFAULT NULL,
  `toLocation` varchar(255) DEFAULT NULL,
  `QBQty` int(11) DEFAULT NULL,
  `Qty_from_app` int(11) DEFAULT NULL,
  `Counted_Qty` int(11) DEFAULT NULL
) ENGINE=InnoDB DEFAULT CHARSET=utf8mb4;

--
-- Dumping data for table `work_list_detail`
--

INSERT INTO `work_list_detail` (`id`, `work_list_id`, `SKU`, `Quantity`, `created_at`, `updated_at`, `location`, `Container_Number`, `quantity_transfer`, `status`, `fromLocation`, `toLocation`, `QBQty`, `Qty_from_app`, `Counted_Qty`) VALUES
(1276, 782, 'AVC-SBR-C', 41, '2022-12-29 10:12:41', '2022-12-29 10:12:41', NULL, 'MSKU0227075', NULL, 'working', NULL, NULL, NULL, NULL, NULL),
(1277, 783, 'AVC-SBR-LC', 23, '2022-12-29 10:12:41', '2022-12-29 10:12:41', NULL, 'MSKU0227076', NULL, 'working', NULL, NULL, NULL, NULL, NULL),
(1278, 784, 'AVT-OAK-P', 255, '2022-12-29 10:12:41', '2022-12-29 10:12:41', NULL, 'MSKU0227077', NULL, 'working', NULL, NULL, NULL, NULL, NULL),
(1279, 785, 'AVT-SBR-P', 212, '2022-12-29 10:12:41', '2022-12-29 10:12:41', NULL, 'MSKU0227078', NULL, 'working', NULL, NULL, NULL, NULL, NULL),
(1280, 786, 'BKLC102A', 22, '2022-12-29 10:12:41', '2022-12-29 10:12:41', NULL, 'MSKU0227079', NULL, 'working', NULL, NULL, NULL, NULL, NULL),
(1281, 787, 'BKLC103A', 22, '2022-12-29 10:12:41', '2022-12-29 10:12:41', NULL, 'MSKU0227080', NULL, 'working', NULL, NULL, NULL, NULL, NULL),
(1282, 788, 'BOC-CAP-C', 33, '2022-12-29 10:12:41', '2022-12-29 10:12:41', NULL, 'MSKU0227081', NULL, 'working', NULL, NULL, NULL, NULL, NULL),
(1283, 789, 'BOC-CAP-LC', 22, '2022-12-29 10:12:41', '2022-12-29 10:12:41', NULL, 'MSKU0227082', NULL, 'working', NULL, NULL, NULL, NULL, NULL),
(1284, 790, 'BRP3T18', 55, '2022-12-29 10:12:41', '2022-12-29 10:12:41', NULL, 'MSKU0227083', NULL, 'working', NULL, NULL, NULL, NULL, NULL),
(1285, 791, 'BUTLBLK', 11, '2022-12-29 10:12:41', '2022-12-29 10:12:41', NULL, 'MSKU0227084', NULL, 'working', NULL, NULL, NULL, NULL, NULL),
(1286, 792, '002-07-P', 22, '2022-12-29 10:12:45', '2022-12-29 10:12:45', NULL, NULL, NULL, 'working', NULL, NULL, NULL, NULL, NULL),
(1287, 792, 'ABP0T15', 2, '2022-12-29 10:12:45', '2022-12-29 10:12:45', NULL, NULL, NULL, 'working', NULL, NULL, NULL, NULL, NULL),
(1288, 792, 'ANC-CAP-C', 3, '2022-12-29 10:12:45', '2022-12-29 10:12:45', NULL, NULL, NULL, 'working', NULL, NULL, NULL, NULL, NULL),
(1289, 792, 'ANC-CAP-LC', 2, '2022-12-29 10:12:45', '2022-12-29 10:12:45', NULL, NULL, NULL, 'working', NULL, NULL, NULL, NULL, NULL),
(1290, 792, 'ANC-OAK-C', 3, '2022-12-29 10:12:45', '2022-12-29 10:12:45', NULL, NULL, NULL, 'working', NULL, NULL, NULL, NULL, NULL),
(1291, 792, 'AVC-BLK-LC', 2, '2022-12-29 10:12:45', '2022-12-29 10:12:45', NULL, NULL, NULL, 'working', NULL, NULL, NULL, NULL, NULL),
(1292, 793, '002-07-P', NULL, '2022-12-29 10:13:03', '2022-12-29 10:13:03', NULL, NULL, NULL, 'working', NULL, NULL, 2400, 1185, 1185),
(1293, 793, 'ABP0T15', NULL, '2022-12-29 10:13:03', '2022-12-29 10:13:03', NULL, NULL, NULL, 'working', NULL, NULL, 1845, 960, 960),
(1294, 793, 'ANC-CAP-C', NULL, '2022-12-29 10:13:03', '2022-12-29 10:13:03', NULL, NULL, NULL, 'working', NULL, NULL, 668, 668, 668),
(1295, 793, 'ANC-OAK-C', NULL, '2022-12-29 10:13:03', '2022-12-29 10:13:03', NULL, NULL, NULL, 'working', NULL, NULL, 1968, 2058, 2058),
(1296, 794, 'ANC-CAP-LC', NULL, '2022-12-29 10:16:11', '2022-12-29 11:25:47', NULL, NULL, NULL, 'complete', NULL, NULL, 802, 80, 80);

-- --------------------------------------------------------

--
-- Table structure for table `work_list_pickingltl`
--

CREATE TABLE `work_list_pickingltl` (
  `id` int(11) NOT NULL,
  `SKU1` varchar(255) DEFAULT NULL,
  `Quantity1` int(11) DEFAULT NULL,
  `SKU2` varchar(255) DEFAULT NULL,
  `Quantity2` int(11) DEFAULT NULL,
  `SKU3` varchar(255) DEFAULT NULL,
  `Quantity3` int(11) DEFAULT NULL,
  `SKU4` varchar(255) DEFAULT NULL,
  `Quantity4` int(11) DEFAULT NULL,
  `SKU5` varchar(255) DEFAULT NULL,
  `Quantity5` int(11) DEFAULT NULL,
  `SKU6` varchar(255) DEFAULT NULL,
  `Quantity6` int(11) DEFAULT NULL,
  `SKU7` varchar(255) DEFAULT NULL,
  `Quantity7` int(11) DEFAULT NULL,
  `SKU8` varchar(255) DEFAULT NULL,
  `Quantity8` int(11) DEFAULT NULL,
  `SKU9` varchar(255) DEFAULT NULL,
  `Quantity9` int(11) DEFAULT NULL,
  `work_list_detail_id` int(11) DEFAULT NULL,
  `created_at` datetime DEFAULT NULL,
  `updated_at` datetime DEFAULT NULL
) ENGINE=InnoDB DEFAULT CHARSET=utf8mb4;

--
-- Indexes for dumped tables
--

--
-- Indexes for table `active`
--
ALTER TABLE `active`
  ADD PRIMARY KEY (`id`),
  ADD KEY `IDX_activeWorkerId` (`Worker_id`),
  ADD KEY `IDX_activeAdminId` (`admin_id`),
  ADD KEY `IDX_workListDetailId` (`work_list_detail_id`),
  ADD KEY `IDX_workListId_` (`work_list_id`);

--
-- Indexes for table `active_pallet`
--
ALTER TABLE `active_pallet`
  ADD PRIMARY KEY (`id`),
  ADD KEY `IDX_activeId` (`active_id`);

--
-- Indexes for table `adjustment`
--
ALTER TABLE `adjustment`
  ADD PRIMARY KEY (`id`);

--
-- Indexes for table `inventory_count`
--
ALTER TABLE `inventory_count`
  ADD PRIMARY KEY (`id`),
  ADD KEY `IDX_inventCountWorkListId` (`workListId`);

--
-- Indexes for table `inventory_pallet`
--
ALTER TABLE `inventory_pallet`
  ADD PRIMARY KEY (`id`),
  ADD KEY `IDX_inventoryPalletWorkListDetailid` (`work_list_detail_id`),
  ADD KEY `IDX_inventoryPalletWorkListId` (`work_list_id`),
  ADD KEY `IDX_inventoryScanId` (`inventory_scan_id`);

--
-- Indexes for table `inventory_scan`
--
ALTER TABLE `inventory_scan`
  ADD PRIMARY KEY (`id`),
  ADD KEY `IDX_inventoryWorkListId` (`work_list_id`),
  ADD KEY `IDX_inventoryUserId` (`userId`),
  ADD KEY `IDX_inventoryAdminId` (`admin_id`);

--
-- Indexes for table `location_list_managerment`
--
ALTER TABLE `location_list_managerment`
  ADD PRIMARY KEY (`id`),
  ADD KEY `IDX_locationManagerId` (`location_managerment_id`),
  ADD KEY `IDX_productManagerId` (`product_managerment_id`);

--
-- Indexes for table `location_managermenrt`
--
ALTER TABLE `location_managermenrt`
  ADD PRIMARY KEY (`id`);

--
-- Indexes for table `product_location`
--
ALTER TABLE `product_location`
  ADD PRIMARY KEY (`id`),
  ADD KEY `IDX_productLocationManagermentId` (`product_managerment_id`),
  ADD KEY `IDX_productLocationLocId` (`Loc_Barcodes`),
  ADD KEY `IDX_productLocationId` (`location_managerment_id`);

--
-- Indexes for table `product_managerment`
--
ALTER TABLE `product_managerment`
  ADD PRIMARY KEY (`id`),
  ADD KEY `IDX_workDetail` (`workListDetailId`);

--
-- Indexes for table `product_transfer`
--
ALTER TABLE `product_transfer`
  ADD PRIMARY KEY (`id`),
  ADD KEY `IDX_productId` (`product_Id`),
  ADD KEY `IDX_workListId1` (`work_list_id`);

--
-- Indexes for table `users`
--
ALTER TABLE `users`
  ADD PRIMARY KEY (`id`);

--
-- Indexes for table `worker_managerment`
--
ALTER TABLE `worker_managerment`
  ADD PRIMARY KEY (`id`);

--
-- Indexes for table `work_list`
--
ALTER TABLE `work_list`
  ADD PRIMARY KEY (`id`),
  ADD KEY `IDX_workerManagermentId` (`worker_managerment_id`),
  ADD KEY `IDX_userId` (`user`);

--
-- Indexes for table `work_list_detail`
--
ALTER TABLE `work_list_detail`
  ADD PRIMARY KEY (`id`),
  ADD KEY `IDX_workListId` (`work_list_id`);

--
-- Indexes for table `work_list_pickingltl`
--
ALTER TABLE `work_list_pickingltl`
  ADD PRIMARY KEY (`id`),
  ADD KEY `IDX_workListPickingLTLId` (`work_list_detail_id`);

--
-- AUTO_INCREMENT for dumped tables
--

--
-- AUTO_INCREMENT for table `active`
--
ALTER TABLE `active`
  MODIFY `id` int(11) NOT NULL AUTO_INCREMENT, AUTO_INCREMENT=1387;

--
-- AUTO_INCREMENT for table `active_pallet`
--
ALTER TABLE `active_pallet`
  MODIFY `id` int(11) NOT NULL AUTO_INCREMENT, AUTO_INCREMENT=234;

--
-- AUTO_INCREMENT for table `adjustment`
--
ALTER TABLE `adjustment`
  MODIFY `id` int(11) NOT NULL AUTO_INCREMENT, AUTO_INCREMENT=13;

--
-- AUTO_INCREMENT for table `inventory_count`
--
ALTER TABLE `inventory_count`
  MODIFY `id` int(11) NOT NULL AUTO_INCREMENT, AUTO_INCREMENT=58;

--
-- AUTO_INCREMENT for table `inventory_pallet`
--
ALTER TABLE `inventory_pallet`
  MODIFY `id` int(11) NOT NULL AUTO_INCREMENT, AUTO_INCREMENT=214;

--
-- AUTO_INCREMENT for table `inventory_scan`
--
ALTER TABLE `inventory_scan`
  MODIFY `id` int(11) NOT NULL AUTO_INCREMENT, AUTO_INCREMENT=89;

--
-- AUTO_INCREMENT for table `location_list_managerment`
--
ALTER TABLE `location_list_managerment`
  MODIFY `id` int(11) NOT NULL AUTO_INCREMENT, AUTO_INCREMENT=96;

--
-- AUTO_INCREMENT for table `location_managermenrt`
--
ALTER TABLE `location_managermenrt`
  MODIFY `id` int(11) NOT NULL AUTO_INCREMENT, AUTO_INCREMENT=421;

--
-- AUTO_INCREMENT for table `product_location`
--
ALTER TABLE `product_location`
  MODIFY `id` int(11) NOT NULL AUTO_INCREMENT, AUTO_INCREMENT=2145;

--
-- AUTO_INCREMENT for table `product_managerment`
--
ALTER TABLE `product_managerment`
  MODIFY `id` int(11) NOT NULL AUTO_INCREMENT, AUTO_INCREMENT=3616;

--
-- AUTO_INCREMENT for table `product_transfer`
--
ALTER TABLE `product_transfer`
  MODIFY `id` int(11) NOT NULL AUTO_INCREMENT, AUTO_INCREMENT=121;

--
-- AUTO_INCREMENT for table `users`
--
ALTER TABLE `users`
  MODIFY `id` int(11) NOT NULL AUTO_INCREMENT, AUTO_INCREMENT=4;

--
-- AUTO_INCREMENT for table `worker_managerment`
--
ALTER TABLE `worker_managerment`
  MODIFY `id` int(11) NOT NULL AUTO_INCREMENT, AUTO_INCREMENT=47;

--
-- AUTO_INCREMENT for table `work_list`
--
ALTER TABLE `work_list`
  MODIFY `id` int(11) NOT NULL AUTO_INCREMENT, AUTO_INCREMENT=795;

--
-- AUTO_INCREMENT for table `work_list_detail`
--
ALTER TABLE `work_list_detail`
  MODIFY `id` int(11) NOT NULL AUTO_INCREMENT, AUTO_INCREMENT=1297;

--
-- AUTO_INCREMENT for table `work_list_pickingltl`
--
ALTER TABLE `work_list_pickingltl`
  MODIFY `id` int(11) NOT NULL AUTO_INCREMENT, AUTO_INCREMENT=91;

--
-- Constraints for dumped tables
--

--
-- Constraints for table `active`
--
ALTER TABLE `active`
  ADD CONSTRAINT `IDX_activeAdminId` FOREIGN KEY (`admin_id`) REFERENCES `users` (`id`) ON DELETE CASCADE ON UPDATE CASCADE,
  ADD CONSTRAINT `IDX_activeWorkerId` FOREIGN KEY (`Worker_id`) REFERENCES `worker_managerment` (`id`) ON DELETE CASCADE ON UPDATE CASCADE,
  ADD CONSTRAINT `IDX_workListDetailId` FOREIGN KEY (`work_list_detail_id`) REFERENCES `work_list_detail` (`id`) ON DELETE CASCADE ON UPDATE CASCADE,
  ADD CONSTRAINT `IDX_workListId_` FOREIGN KEY (`work_list_id`) REFERENCES `work_list` (`id`) ON DELETE CASCADE ON UPDATE CASCADE;

--
-- Constraints for table `active_pallet`
--
ALTER TABLE `active_pallet`
  ADD CONSTRAINT `IDX_activeId` FOREIGN KEY (`active_id`) REFERENCES `active` (`id`) ON DELETE CASCADE ON UPDATE CASCADE;

--
-- Constraints for table `inventory_count`
--
ALTER TABLE `inventory_count`
  ADD CONSTRAINT `IDX_inventCountWorkListId` FOREIGN KEY (`workListId`) REFERENCES `work_list` (`id`) ON DELETE CASCADE ON UPDATE CASCADE;

--
-- Constraints for table `inventory_pallet`
--
ALTER TABLE `inventory_pallet`
  ADD CONSTRAINT `IDX_inventoryPalletWorkListDetailid` FOREIGN KEY (`work_list_detail_id`) REFERENCES `work_list_detail` (`id`) ON DELETE CASCADE ON UPDATE CASCADE,
  ADD CONSTRAINT `IDX_inventoryPalletWorkListId` FOREIGN KEY (`work_list_id`) REFERENCES `work_list` (`id`) ON DELETE CASCADE ON UPDATE CASCADE,
  ADD CONSTRAINT `IDX_inventoryScanId` FOREIGN KEY (`inventory_scan_id`) REFERENCES `inventory_scan` (`id`) ON DELETE CASCADE ON UPDATE CASCADE;

--
-- Constraints for table `inventory_scan`
--
ALTER TABLE `inventory_scan`
  ADD CONSTRAINT `IDX_inventoryAdminId` FOREIGN KEY (`admin_id`) REFERENCES `users` (`id`) ON DELETE CASCADE ON UPDATE CASCADE,
  ADD CONSTRAINT `IDX_inventoryUserId` FOREIGN KEY (`userId`) REFERENCES `worker_managerment` (`id`) ON DELETE CASCADE ON UPDATE CASCADE,
  ADD CONSTRAINT `IDX_inventoryWorkListId` FOREIGN KEY (`work_list_id`) REFERENCES `work_list` (`id`) ON DELETE CASCADE ON UPDATE CASCADE;

--
-- Constraints for table `location_list_managerment`
--
ALTER TABLE `location_list_managerment`
  ADD CONSTRAINT `IDX_locationManagerId` FOREIGN KEY (`location_managerment_id`) REFERENCES `location_managermenrt` (`id`) ON DELETE CASCADE ON UPDATE CASCADE,
  ADD CONSTRAINT `IDX_productManagerId` FOREIGN KEY (`product_managerment_id`) REFERENCES `product_managerment` (`id`) ON DELETE CASCADE ON UPDATE CASCADE;

--
-- Constraints for table `product_location`
--
ALTER TABLE `product_location`
  ADD CONSTRAINT `IDX_productLocationId` FOREIGN KEY (`location_managerment_id`) REFERENCES `location_managermenrt` (`id`) ON DELETE CASCADE ON UPDATE CASCADE,
  ADD CONSTRAINT `IDX_productLocationManagermentId` FOREIGN KEY (`product_managerment_id`) REFERENCES `product_managerment` (`id`) ON DELETE CASCADE ON UPDATE CASCADE;

--
-- Constraints for table `product_managerment`
--
ALTER TABLE `product_managerment`
  ADD CONSTRAINT `IDX_workDetail` FOREIGN KEY (`workListDetailId`) REFERENCES `work_list_detail` (`id`) ON DELETE CASCADE ON UPDATE CASCADE;

--
-- Constraints for table `product_transfer`
--
ALTER TABLE `product_transfer`
  ADD CONSTRAINT `IDX_productId` FOREIGN KEY (`product_Id`) REFERENCES `product_managerment` (`id`) ON DELETE CASCADE ON UPDATE CASCADE,
  ADD CONSTRAINT `IDX_workListId1` FOREIGN KEY (`work_list_id`) REFERENCES `work_list` (`id`) ON DELETE CASCADE ON UPDATE CASCADE;

--
-- Constraints for table `work_list`
--
ALTER TABLE `work_list`
  ADD CONSTRAINT `IDX_userId` FOREIGN KEY (`user`) REFERENCES `worker_managerment` (`id`) ON DELETE CASCADE ON UPDATE CASCADE,
  ADD CONSTRAINT `IDX_workerManagermentId` FOREIGN KEY (`worker_managerment_id`) REFERENCES `users` (`id`) ON DELETE CASCADE ON UPDATE CASCADE;

--
-- Constraints for table `work_list_detail`
--
ALTER TABLE `work_list_detail`
  ADD CONSTRAINT `IDX_workListId` FOREIGN KEY (`work_list_id`) REFERENCES `work_list` (`id`) ON DELETE CASCADE ON UPDATE CASCADE;

--
-- Constraints for table `work_list_pickingltl`
--
ALTER TABLE `work_list_pickingltl`
  ADD CONSTRAINT `IDX_workListPickingLTLId` FOREIGN KEY (`work_list_detail_id`) REFERENCES `work_list_detail` (`id`) ON DELETE CASCADE ON UPDATE CASCADE;
COMMIT;

/*!40101 SET CHARACTER_SET_CLIENT=@OLD_CHARACTER_SET_CLIENT */;
/*!40101 SET CHARACTER_SET_RESULTS=@OLD_CHARACTER_SET_RESULTS */;
/*!40101 SET COLLATION_CONNECTION=@OLD_COLLATION_CONNECTION */;
